use vk;

INSERT INTO `media` (`id`, `media_type_id`, `user_id`, `body`, `filename`, `size`, `metadata`, `created_at`, `updated_at`) VALUES ('1', '1', '101', 'Et totam vero quo voluptatem blanditiis. Sint excepturi quos ipsa qui in dolores odit. Qui tempora dicta iusto est perspiciatis. Odio consequatur iusto impedit sunt magni. Harum enim omnis aut provident assumenda.', 'tenetur', 2, NULL, '2011-08-19 20:31:50', '2011-01-31 21:09:20');
INSERT INTO `media` (`id`, `media_type_id`, `user_id`, `body`, `filename`, `size`, `metadata`, `created_at`, `updated_at`) VALUES ('2', '2', '102', 'Aliquid sed quibusdam ipsum occaecati accusamus sed dolore. Fugit numquam consequatur consectetur veritatis quia aperiam. Quo natus quidem necessitatibus temporibus. Similique ut numquam dolorem necessitatibus alias. Dolorum aut numquam consequatur velit et.', 'voluptas', 22, NULL, '2003-02-22 11:50:39', '2011-07-23 08:29:33');
INSERT INTO `media` (`id`, `media_type_id`, `user_id`, `body`, `filename`, `size`, `metadata`, `created_at`, `updated_at`) VALUES ('3', '3', '104', 'Alias sit corporis non dicta. Minima reiciendis quas aspernatur sit.', 'cupiditate', 8155926, NULL, '1978-12-14 07:50:13', '2015-12-18 08:26:34');
INSERT INTO `media` (`id`, `media_type_id`, `user_id`, `body`, `filename`, `size`, `metadata`, `created_at`, `updated_at`) VALUES ('4', '4', '105', 'Magnam natus dolor voluptatum. Optio qui non pariatur voluptatem id totam vitae. Unde ut voluptate et. Tenetur occaecati voluptatem qui aut ut impedit voluptas. Consequatur quibusdam mollitia quaerat omnis dolorem sit.', 'eius', 131, NULL, '1982-04-28 15:35:13', '1996-12-02 05:47:44');
INSERT INTO `media` (`id`, `media_type_id`, `user_id`, `body`, `filename`, `size`, `metadata`, `created_at`, `updated_at`) VALUES ('5', '5', '106', 'Eum ut rem molestias voluptas excepturi in dolorum enim. Possimus at labore est deleniti expedita qui ipsam. Cumque sapiente repudiandae veniam ut. Fugiat non adipisci enim.', 'tempora', 55968, NULL, '1999-03-19 00:17:01', '2014-04-28 21:30:26');
INSERT INTO `media` (`id`, `media_type_id`, `user_id`, `body`, `filename`, `size`, `metadata`, `created_at`, `updated_at`) VALUES ('6', '6', '107', 'Quod omnis ut et dicta tempore. Ut dolorum cum et voluptatem sed nihil. Et et sit provident sed qui corrupti. Deleniti quam vitae enim fugit nemo ut.', 'asperiores', 21418812, NULL, '2006-06-23 14:09:51', '2013-08-10 23:44:32');
INSERT INTO `media` (`id`, `media_type_id`, `user_id`, `body`, `filename`, `size`, `metadata`, `created_at`, `updated_at`) VALUES ('7', '7', '109', 'Aperiam labore omnis eos explicabo similique. Explicabo est officiis repellat natus voluptatum provident. Laudantium magni velit qui quis quidem repellat magni.', 'est', 564775, NULL, '1998-05-26 11:23:59', '2020-11-07 09:10:06');
INSERT INTO `media` (`id`, `media_type_id`, `user_id`, `body`, `filename`, `size`, `metadata`, `created_at`, `updated_at`) VALUES ('8', '8', '110', 'Natus magni quis molestiae qui voluptatem. Aut recusandae saepe mollitia tempore. Quos non laboriosam dolore sed impedit ipsum.', 'debitis', 3, NULL, '2018-03-16 21:38:28', '1979-10-11 20:41:45');
INSERT INTO `media` (`id`, `media_type_id`, `user_id`, `body`, `filename`, `size`, `metadata`, `created_at`, `updated_at`) VALUES ('9', '9', '111', 'Id in dicta et voluptas hic quis quae nulla. Similique ut sapiente aut in qui aut. Dolorum dolore ut a in ullam facilis dolore. Voluptatum eveniet possimus similique pariatur eum.', 'vel', 1938, NULL, '2016-03-16 11:13:51', '2002-12-12 06:58:17');
INSERT INTO `media` (`id`, `media_type_id`, `user_id`, `body`, `filename`, `size`, `metadata`, `created_at`, `updated_at`) VALUES ('10', '10', '112', 'Ratione placeat voluptas delectus ut. Aperiam molestiae vitae consectetur consequatur distinctio placeat.', 'et', 508779, NULL, '2014-08-18 10:11:27', '1994-05-07 21:43:41');
INSERT INTO `media` (`id`, `media_type_id`, `user_id`, `body`, `filename`, `size`, `metadata`, `created_at`, `updated_at`) VALUES ('11', '11', '114', 'Voluptatibus ut exercitationem et. Maxime commodi aliquid non voluptatem doloribus ea. Inventore non dolor unde. Deleniti nemo et eius possimus at doloremque. Aut sapiente praesentium omnis voluptas rerum dolorem mollitia.', 'accusantium', 7878329, NULL, '1970-08-16 21:55:24', '1979-06-03 08:40:51');
INSERT INTO `media` (`id`, `media_type_id`, `user_id`, `body`, `filename`, `size`, `metadata`, `created_at`, `updated_at`) VALUES ('12', '12', '115', 'Nam rerum sapiente et sint eum officiis amet magni. Omnis non animi iusto corporis sed ea. Aspernatur dolores culpa neque provident aut illo dolores. Et vel deleniti ipsam voluptatem.', 'id', 7908193, NULL, '1976-09-16 11:33:29', '2000-11-16 06:22:21');
INSERT INTO `media` (`id`, `media_type_id`, `user_id`, `body`, `filename`, `size`, `metadata`, `created_at`, `updated_at`) VALUES ('13', '13', '117', 'Sapiente veritatis eum ut pariatur ducimus. Iste sunt aut quis quia et provident rem. Incidunt impedit numquam blanditiis.', 'quis', 35, NULL, '1985-10-12 16:11:32', '2008-05-06 15:10:37');
INSERT INTO `media` (`id`, `media_type_id`, `user_id`, `body`, `filename`, `size`, `metadata`, `created_at`, `updated_at`) VALUES ('14', '14', '118', 'Ut est amet est adipisci officia mollitia quos vero. Sit voluptas id sint cum est voluptatum. Sit minus amet laudantium libero nesciunt recusandae.', 'quas', 12044, NULL, '2010-08-08 00:10:48', '2009-09-26 22:15:06');
INSERT INTO `media` (`id`, `media_type_id`, `user_id`, `body`, `filename`, `size`, `metadata`, `created_at`, `updated_at`) VALUES ('15', '15', '119', 'Enim quis est deserunt minima omnis alias est voluptatem. Non est est beatae voluptatum ab est aut. Dolor deleniti dolor deleniti aut ratione debitis.', 'blanditiis', 71667692, NULL, '2002-02-01 12:00:19', '2020-10-19 14:30:57');
INSERT INTO `media` (`id`, `media_type_id`, `user_id`, `body`, `filename`, `size`, `metadata`, `created_at`, `updated_at`) VALUES ('16', '16', '121', 'Dolores pariatur dicta dolor rerum in suscipit tempora aut. Et optio odio facilis ipsum accusantium assumenda consequatur. Est fuga voluptatem esse eveniet sit et. Voluptatum et cumque inventore sit qui aut. Hic explicabo occaecati alias consequatur unde deleniti corrupti.', 'dolor', 10, NULL, '2009-06-18 11:23:16', '1975-04-14 02:01:10');
INSERT INTO `media` (`id`, `media_type_id`, `user_id`, `body`, `filename`, `size`, `metadata`, `created_at`, `updated_at`) VALUES ('17', '17', '123', 'Est eum consequuntur aliquam velit alias dolorem ad. Iure a facilis quaerat praesentium et. Eveniet quae saepe quia et doloribus. Nulla consectetur quis aut molestiae quae deserunt est.', 'in', 9637904, NULL, '1997-02-06 15:59:14', '2000-10-06 04:30:09');
INSERT INTO `media` (`id`, `media_type_id`, `user_id`, `body`, `filename`, `size`, `metadata`, `created_at`, `updated_at`) VALUES ('18', '18', '124', 'Eum corporis velit ad. Rerum et impedit quibusdam dolor dignissimos. Voluptates ut alias veniam numquam dicta provident iure.', 'ea', 142, NULL, '2019-05-14 15:40:55', '2008-04-17 19:00:26');
INSERT INTO `media` (`id`, `media_type_id`, `user_id`, `body`, `filename`, `size`, `metadata`, `created_at`, `updated_at`) VALUES ('19', '19', '126', 'Qui libero ut optio laudantium. Suscipit ipsum nesciunt nulla dolore adipisci. Ad neque soluta laudantium sint corrupti officia. Aut tempore accusamus in nesciunt id.', 'optio', 0, NULL, '2007-04-09 10:33:11', '1986-06-08 19:29:18');
INSERT INTO `media` (`id`, `media_type_id`, `user_id`, `body`, `filename`, `size`, `metadata`, `created_at`, `updated_at`) VALUES ('20', '20', '128', 'Ipsam ipsum officia dolore culpa. Beatae qui sit voluptatem voluptatibus aperiam. Laboriosam aut vel vero officia labore qui beatae quasi. Eum quidem esse distinctio accusantium dolor.', 'aperiam', 5743346, NULL, '1981-11-23 21:27:48', '2005-03-30 05:20:17');
INSERT INTO `media` (`id`, `media_type_id`, `user_id`, `body`, `filename`, `size`, `metadata`, `created_at`, `updated_at`) VALUES ('21', '21', '133', 'Ipsam voluptatem mollitia ab eius sint in est. Aut sunt et rerum odit est modi omnis. Odit ut voluptatem nam consequuntur. Provident consectetur debitis quia dolor omnis.', 'eos', 32662758, NULL, '1972-02-24 17:09:59', '1977-07-24 06:32:51');
INSERT INTO `media` (`id`, `media_type_id`, `user_id`, `body`, `filename`, `size`, `metadata`, `created_at`, `updated_at`) VALUES ('22', '22', '137', 'Voluptates ab mollitia eligendi praesentium quia hic. Alias distinctio illo ut repellat inventore velit omnis. Beatae eos et porro doloribus. Ullam non et reprehenderit quas laborum recusandae.', 'delectus', 6, NULL, '1972-12-04 20:46:15', '1980-12-21 07:12:29');
INSERT INTO `media` (`id`, `media_type_id`, `user_id`, `body`, `filename`, `size`, `metadata`, `created_at`, `updated_at`) VALUES ('23', '23', '141', 'Eum dignissimos doloribus quidem porro quasi fuga hic est. Quia rerum earum quisquam ut molestiae eveniet voluptas consequatur. Nam labore eius distinctio autem quaerat eius deleniti.', 'vel', 290, NULL, '2011-03-24 01:56:48', '2016-02-06 04:40:00');
INSERT INTO `media` (`id`, `media_type_id`, `user_id`, `body`, `filename`, `size`, `metadata`, `created_at`, `updated_at`) VALUES ('24', '24', '143', 'Magnam dignissimos rerum ullam saepe est. Qui vel et et dolorum cupiditate quos exercitationem. Dolores consequuntur quae sit.', 'doloribus', 181, NULL, '1987-11-11 05:27:51', '1993-11-11 20:47:18');
INSERT INTO `media` (`id`, `media_type_id`, `user_id`, `body`, `filename`, `size`, `metadata`, `created_at`, `updated_at`) VALUES ('25', '25', '144', 'Laudantium vel iure possimus sed. Ut accusantium veritatis a assumenda similique qui ut. Rerum debitis sunt et ducimus. Explicabo eligendi maiores est fugiat id ut et.', 'quisquam', 77, NULL, '1971-03-10 04:59:13', '1985-06-26 04:23:19');
INSERT INTO `media` (`id`, `media_type_id`, `user_id`, `body`, `filename`, `size`, `metadata`, `created_at`, `updated_at`) VALUES ('26', '26', '148', 'Harum enim debitis ex minus dolore temporibus. Consequuntur reprehenderit qui et eaque eos. Distinctio minus quo beatae error molestiae maiores.', 'suscipit', 504102, NULL, '2012-01-20 12:05:53', '1982-10-27 19:22:56');
INSERT INTO `media` (`id`, `media_type_id`, `user_id`, `body`, `filename`, `size`, `metadata`, `created_at`, `updated_at`) VALUES ('27', '27', '150', 'Cumque fuga hic corrupti dolor expedita ut aut. Rem harum ut officiis cupiditate officia voluptatum id voluptate. Blanditiis sint libero minima et incidunt et et.', 'est', 39544028, NULL, '2013-10-04 21:25:38', '2011-02-20 22:01:00');
INSERT INTO `media` (`id`, `media_type_id`, `user_id`, `body`, `filename`, `size`, `metadata`, `created_at`, `updated_at`) VALUES ('28', '28', '151', 'Nesciunt ea voluptatem fuga quis nesciunt temporibus. Qui consectetur dolore nobis corporis facilis.', 'reprehenderit', 0, NULL, '2002-12-02 00:41:32', '1985-12-31 06:09:23');
INSERT INTO `media` (`id`, `media_type_id`, `user_id`, `body`, `filename`, `size`, `metadata`, `created_at`, `updated_at`) VALUES ('29', '29', '152', 'Velit dolorum distinctio officiis suscipit consectetur commodi. Adipisci iure temporibus inventore vero rem.', 'laboriosam', 16950187, NULL, '2005-04-03 03:30:52', '1971-03-02 05:37:49');
INSERT INTO `media` (`id`, `media_type_id`, `user_id`, `body`, `filename`, `size`, `metadata`, `created_at`, `updated_at`) VALUES ('30', '30', '153', 'Qui quasi ut architecto recusandae amet dicta. Vel soluta ea et consequatur. Provident et et dolorem. Et excepturi dolores in atque. Reiciendis repellendus nostrum harum quo error.', 'beatae', 76569, NULL, '1990-05-17 17:08:29', '2011-09-17 22:21:36');
INSERT INTO `media` (`id`, `media_type_id`, `user_id`, `body`, `filename`, `size`, `metadata`, `created_at`, `updated_at`) VALUES ('31', '31', '154', 'Omnis inventore mollitia laudantium voluptatum sed reiciendis quis. Illum rerum et mollitia rerum tempore est. Sit et cupiditate eius quae.', 'vel', 670997, NULL, '1988-07-06 21:15:20', '2003-08-01 01:17:57');
INSERT INTO `media` (`id`, `media_type_id`, `user_id`, `body`, `filename`, `size`, `metadata`, `created_at`, `updated_at`) VALUES ('32', '32', '155', 'Animi velit dolores voluptas commodi ut iusto nisi. Reiciendis veritatis nobis temporibus qui perferendis temporibus.', 'dolor', 369, NULL, '1986-01-23 11:28:31', '2020-06-17 06:10:52');
INSERT INTO `media` (`id`, `media_type_id`, `user_id`, `body`, `filename`, `size`, `metadata`, `created_at`, `updated_at`) VALUES ('33', '33', '157', 'Sit corrupti sequi distinctio dolores et sunt. Rem ab voluptate voluptatem cumque. Ea autem possimus vel maiores facere laboriosam assumenda quia. Doloribus animi reprehenderit quaerat tenetur totam.', 'ipsum', 9774427, NULL, '1977-10-31 11:11:13', '1996-05-16 23:55:33');
INSERT INTO `media` (`id`, `media_type_id`, `user_id`, `body`, `filename`, `size`, `metadata`, `created_at`, `updated_at`) VALUES ('34', '34', '158', 'Perferendis eveniet dolore temporibus repudiandae veritatis maiores. Ut repellendus qui in qui ex odio. Dolore iusto id consequatur quaerat maiores fuga accusantium iure. Sapiente ratione rerum sunt animi impedit voluptas.', 'maxime', 489650, NULL, '1982-01-26 14:38:48', '2017-02-16 07:57:15');
INSERT INTO `media` (`id`, `media_type_id`, `user_id`, `body`, `filename`, `size`, `metadata`, `created_at`, `updated_at`) VALUES ('35', '35', '160', 'Earum quae ea impedit illum et eos. Eum nostrum quia quibusdam voluptas vero optio ut facilis. Fuga qui repudiandae quis et minus consequatur. Et facere qui laboriosam ut praesentium reprehenderit. Enim labore error quibusdam quia et iure alias aut.', 'vel', 37366036, NULL, '1987-04-26 09:55:31', '1972-02-27 02:45:39');
INSERT INTO `media` (`id`, `media_type_id`, `user_id`, `body`, `filename`, `size`, `metadata`, `created_at`, `updated_at`) VALUES ('36', '36', '161', 'Incidunt praesentium porro aut. Vel nihil quia beatae deserunt eos. Recusandae et accusantium et sint fugit. Distinctio qui libero repellendus maxime.', 'voluptatum', 961553, NULL, '2009-05-12 21:08:36', '2001-03-20 21:36:25');
INSERT INTO `media` (`id`, `media_type_id`, `user_id`, `body`, `filename`, `size`, `metadata`, `created_at`, `updated_at`) VALUES ('37', '37', '163', 'Eos aliquam voluptate aut sit repudiandae soluta repellat sit. Quibusdam ea sit dolore ullam qui.', 'eaque', 0, NULL, '1998-01-26 12:34:40', '1994-07-30 01:53:57');
INSERT INTO `media` (`id`, `media_type_id`, `user_id`, `body`, `filename`, `size`, `metadata`, `created_at`, `updated_at`) VALUES ('38', '38', '164', 'Magni et earum similique et cumque. Ut eius nobis aut non eum nulla. Nesciunt exercitationem laudantium hic sed blanditiis nemo.', 'laboriosam', 873051, NULL, '2016-12-15 09:11:16', '1999-02-24 10:06:26');
INSERT INTO `media` (`id`, `media_type_id`, `user_id`, `body`, `filename`, `size`, `metadata`, `created_at`, `updated_at`) VALUES ('39', '39', '166', 'Praesentium nisi qui nisi possimus necessitatibus. Est dignissimos nihil rem esse quidem. Distinctio est ipsa ad blanditiis quis. Dolorum optio aut nemo.', 'suscipit', 51, NULL, '1997-05-17 04:37:27', '1997-03-15 05:45:58');
INSERT INTO `media` (`id`, `media_type_id`, `user_id`, `body`, `filename`, `size`, `metadata`, `created_at`, `updated_at`) VALUES ('40', '40', '168', 'Vitae cupiditate nihil sequi enim harum voluptate. Vero quis et natus inventore. Molestias ipsum eos totam laboriosam occaecati.', 'blanditiis', 5, NULL, '2002-09-10 16:08:27', '1974-09-10 03:43:29');
INSERT INTO `media` (`id`, `media_type_id`, `user_id`, `body`, `filename`, `size`, `metadata`, `created_at`, `updated_at`) VALUES ('41', '41', '170', 'In excepturi praesentium aspernatur fugiat cumque occaecati atque. Rem enim porro dignissimos. Impedit pariatur necessitatibus est ipsam et. Eveniet nisi est omnis assumenda velit animi numquam.', 'omnis', 291043529, NULL, '1993-06-10 00:45:44', '2016-02-18 08:49:47');
INSERT INTO `media` (`id`, `media_type_id`, `user_id`, `body`, `filename`, `size`, `metadata`, `created_at`, `updated_at`) VALUES ('42', '42', '172', 'Occaecati enim sed provident porro iusto molestiae consequuntur. In occaecati at quo vel quo ad.', 'eum', 0, NULL, '1995-12-17 20:54:22', '1978-10-02 01:47:57');
INSERT INTO `media` (`id`, `media_type_id`, `user_id`, `body`, `filename`, `size`, `metadata`, `created_at`, `updated_at`) VALUES ('43', '43', '175', 'Tenetur illo repellendus maiores omnis qui repellendus aut. Molestias aut veniam nam molestiae suscipit sapiente sed et. Corporis animi ea est et ea. Et qui est provident doloremque consectetur repellendus.', 'ea', 0, NULL, '1999-08-31 01:55:37', '1987-03-27 20:40:52');
INSERT INTO `media` (`id`, `media_type_id`, `user_id`, `body`, `filename`, `size`, `metadata`, `created_at`, `updated_at`) VALUES ('44', '44', '180', 'Distinctio qui iste assumenda non quam. Aut eos sequi nulla cupiditate illum. Recusandae earum aut magnam quas facere odio.', 'nihil', 2733, NULL, '1982-10-16 17:48:06', '1985-07-04 06:00:03');
INSERT INTO `media` (`id`, `media_type_id`, `user_id`, `body`, `filename`, `size`, `metadata`, `created_at`, `updated_at`) VALUES ('45', '45', '181', 'Voluptatum enim delectus blanditiis voluptas distinctio molestias qui et. Labore neque fugiat aspernatur ad ut. Expedita autem nisi necessitatibus et dolorem omnis repellat. Nulla odit aperiam et qui consectetur.', 'inventore', 19600331, NULL, '1979-12-26 14:44:44', '2010-01-21 15:18:55');
INSERT INTO `media` (`id`, `media_type_id`, `user_id`, `body`, `filename`, `size`, `metadata`, `created_at`, `updated_at`) VALUES ('46', '46', '182', 'Aut ut nam culpa minus. Nobis qui repudiandae aperiam magnam ab rerum.', 'ex', 34687, NULL, '2010-06-25 02:41:55', '1981-10-29 20:26:46');
INSERT INTO `media` (`id`, `media_type_id`, `user_id`, `body`, `filename`, `size`, `metadata`, `created_at`, `updated_at`) VALUES ('47', '47', '185', 'Aut voluptas recusandae quos libero. Vel sequi nesciunt ut iste laboriosam. Cumque sit voluptas sed ut eveniet fuga. Sed vero nesciunt laborum.', 'non', 18, NULL, '1972-02-20 10:52:31', '2008-06-18 03:19:39');
INSERT INTO `media` (`id`, `media_type_id`, `user_id`, `body`, `filename`, `size`, `metadata`, `created_at`, `updated_at`) VALUES ('48', '48', '186', 'Cum odit cumque vel illo quia quis. Officiis ea aut voluptatum sed est doloremque voluptas. Ad necessitatibus ipsa reiciendis atque autem ea cumque. Dignissimos ea vitae quasi dicta. Ipsum consectetur ut ut voluptas praesentium quos culpa.', 'nam', 0, NULL, '1977-07-04 05:57:00', '2013-02-06 07:37:36');
INSERT INTO `media` (`id`, `media_type_id`, `user_id`, `body`, `filename`, `size`, `metadata`, `created_at`, `updated_at`) VALUES ('49', '49', '188', 'Incidunt earum qui culpa. Illo culpa magni expedita ut ipsum totam iusto. Et omnis expedita amet repellendus iure. Iste et iste accusamus praesentium mollitia doloribus.', 'et', 0, NULL, '2015-11-11 01:02:31', '1996-01-19 01:57:50');
INSERT INTO `media` (`id`, `media_type_id`, `user_id`, `body`, `filename`, `size`, `metadata`, `created_at`, `updated_at`) VALUES ('50', '50', '189', 'Sit unde ducimus quod nam. Ipsum sint magni reprehenderit perspiciatis quod odio. Provident consequatur quam rem sit recusandae nam.', 'rem', 76, NULL, '1976-05-04 16:05:09', '2018-07-27 09:47:47');
INSERT INTO `media` (`id`, `media_type_id`, `user_id`, `body`, `filename`, `size`, `metadata`, `created_at`, `updated_at`) VALUES ('51', '51', '190', 'Quod tempora sed harum dolor. Consequatur reprehenderit et ratione dolorum adipisci fugiat. Sed omnis dolorem et nam rerum. Recusandae voluptas saepe illo explicabo.', 'magni', 2, NULL, '2018-03-07 23:37:21', '1988-08-14 04:30:13');
INSERT INTO `media` (`id`, `media_type_id`, `user_id`, `body`, `filename`, `size`, `metadata`, `created_at`, `updated_at`) VALUES ('52', '52', '191', 'Asperiores quis omnis quaerat rerum autem qui placeat. Et dolores aut in labore. Harum rerum est qui enim accusantium. Quia mollitia facere ratione et quia facere sit.', 'ullam', 0, NULL, '2020-01-11 20:05:57', '1998-02-12 03:30:44');
INSERT INTO `media` (`id`, `media_type_id`, `user_id`, `body`, `filename`, `size`, `metadata`, `created_at`, `updated_at`) VALUES ('53', '53', '198', 'Ea assumenda voluptates ducimus est. Suscipit delectus molestias sunt. Voluptatem rerum et aut consequatur. Nesciunt velit accusamus vitae maxime non unde. Beatae tempore voluptas error numquam repudiandae reprehenderit delectus.', 'sed', 146760, NULL, '1993-12-10 11:52:17', '1993-07-06 04:50:05');
INSERT INTO `media` (`id`, `media_type_id`, `user_id`, `body`, `filename`, `size`, `metadata`, `created_at`, `updated_at`) VALUES ('54', '54', '199', 'Hic ut quasi a voluptatem vitae quia tenetur repellat. Quidem non et necessitatibus eaque.', 'reprehenderit', 0, NULL, '1971-01-19 06:39:25', '1989-11-28 15:05:30');
INSERT INTO `media` (`id`, `media_type_id`, `user_id`, `body`, `filename`, `size`, `metadata`, `created_at`, `updated_at`) VALUES ('55', '55', '200', 'Porro consequuntur qui dolor fugit a. Id magni quia perferendis dolorum et temporibus aut.', 'magni', 900361, NULL, '2004-11-26 15:29:20', '2017-08-31 03:37:45');
INSERT INTO `media` (`id`, `media_type_id`, `user_id`, `body`, `filename`, `size`, `metadata`, `created_at`, `updated_at`) VALUES ('56', '56', '101', 'Sint velit eos asperiores consequuntur facilis unde illo. Culpa repudiandae maxime nemo nihil et cum doloribus. Beatae ratione ipsum eum officia neque.', 'eveniet', 0, NULL, '2013-05-04 09:25:50', '2019-04-12 03:54:18');
INSERT INTO `media` (`id`, `media_type_id`, `user_id`, `body`, `filename`, `size`, `metadata`, `created_at`, `updated_at`) VALUES ('57', '57', '102', 'Vitae laboriosam sit id. Culpa nobis impedit possimus sed veritatis odit qui. Consequatur iure labore vel rerum. Rerum eos tenetur id quasi alias in. Temporibus vitae repellat amet placeat natus.', 'sed', 20119763, NULL, '1970-07-05 06:00:49', '2020-06-17 23:23:33');
INSERT INTO `media` (`id`, `media_type_id`, `user_id`, `body`, `filename`, `size`, `metadata`, `created_at`, `updated_at`) VALUES ('58', '58', '104', 'Dolor repellat enim iste earum. Ducimus quia quas officia similique. Et eius quas et. Voluptatem vero explicabo voluptatum ducimus reiciendis amet dolore.', 'voluptatem', 80113566, NULL, '1972-02-10 15:14:51', '2003-10-14 17:57:47');
INSERT INTO `media` (`id`, `media_type_id`, `user_id`, `body`, `filename`, `size`, `metadata`, `created_at`, `updated_at`) VALUES ('59', '59', '105', 'Accusantium ut delectus ipsum dolore voluptatibus ad nemo. Ratione veritatis perferendis itaque dolorem optio.', 'sit', 78, NULL, '2021-02-27 06:49:50', '2001-07-29 22:58:40');
INSERT INTO `media` (`id`, `media_type_id`, `user_id`, `body`, `filename`, `size`, `metadata`, `created_at`, `updated_at`) VALUES ('60', '60', '106', 'Ut qui sit modi ut laborum fuga. Minima incidunt libero rerum sint similique maiores nisi id. Esse nam repellat non quibusdam necessitatibus.', 'praesentium', 85861, NULL, '1999-06-19 10:58:52', '1993-06-25 20:53:53');
INSERT INTO `media` (`id`, `media_type_id`, `user_id`, `body`, `filename`, `size`, `metadata`, `created_at`, `updated_at`) VALUES ('61', '61', '107', 'Sit eum et eveniet ratione possimus dolor. Aut deleniti quo quia esse. Quaerat sunt ea sit.', 'tempore', 12, NULL, '2010-12-18 19:15:20', '1996-01-26 23:23:23');
INSERT INTO `media` (`id`, `media_type_id`, `user_id`, `body`, `filename`, `size`, `metadata`, `created_at`, `updated_at`) VALUES ('62', '62', '109', 'Laborum doloribus error molestias est et ut. Quia ipsum error molestiae quis. Officiis voluptates odit in sed.', 'sunt', 0, NULL, '2012-08-03 21:21:16', '1995-04-28 19:05:09');
INSERT INTO `media` (`id`, `media_type_id`, `user_id`, `body`, `filename`, `size`, `metadata`, `created_at`, `updated_at`) VALUES ('63', '63', '110', 'Ab recusandae natus rem quasi velit. Deserunt similique voluptas cum voluptatum aut. Ratione ad ea dolores omnis sit.', 'consequatur', 40920, NULL, '1985-12-22 02:07:54', '2001-05-23 22:13:45');
INSERT INTO `media` (`id`, `media_type_id`, `user_id`, `body`, `filename`, `size`, `metadata`, `created_at`, `updated_at`) VALUES ('64', '64', '111', 'Aut est et molestiae. Ea laborum dolor eius omnis perspiciatis dolor optio recusandae. Veniam voluptatem architecto laudantium.', 'commodi', 529966, NULL, '2013-09-07 09:21:58', '1996-03-23 15:17:42');
INSERT INTO `media` (`id`, `media_type_id`, `user_id`, `body`, `filename`, `size`, `metadata`, `created_at`, `updated_at`) VALUES ('65', '65', '112', 'Similique itaque eveniet quo voluptatibus. Harum consequatur eveniet veniam voluptas. Commodi expedita sed culpa id beatae ex non. Eaque rerum illo eos rerum quaerat corporis exercitationem mollitia.', 'aliquam', 938415136, NULL, '2017-01-22 11:00:29', '1990-09-22 17:53:23');
INSERT INTO `media` (`id`, `media_type_id`, `user_id`, `body`, `filename`, `size`, `metadata`, `created_at`, `updated_at`) VALUES ('66', '66', '114', 'Dolor qui odit autem explicabo inventore eveniet maxime. Nulla quam voluptas exercitationem. Mollitia quos ut est nobis.', 'quod', 456, NULL, '1995-02-24 13:50:08', '1975-07-13 03:04:16');
INSERT INTO `media` (`id`, `media_type_id`, `user_id`, `body`, `filename`, `size`, `metadata`, `created_at`, `updated_at`) VALUES ('67', '67', '115', 'A excepturi nobis temporibus amet. Explicabo ducimus aut aspernatur dolore vitae eveniet dignissimos.', 'quos', 48159234, NULL, '1975-04-20 09:04:07', '2017-01-06 07:11:24');
INSERT INTO `media` (`id`, `media_type_id`, `user_id`, `body`, `filename`, `size`, `metadata`, `created_at`, `updated_at`) VALUES ('68', '68', '117', 'Accusamus nulla voluptatem sit doloribus voluptas est. Cupiditate asperiores unde sunt illum eum. Voluptatem dolor unde possimus non architecto dolorem. Provident officia repellat quis et rerum. Animi aut molestiae quis rerum ut dignissimos.', 'tempora', 82407158, NULL, '2017-02-24 04:32:14', '2012-05-09 06:26:35');
INSERT INTO `media` (`id`, `media_type_id`, `user_id`, `body`, `filename`, `size`, `metadata`, `created_at`, `updated_at`) VALUES ('69', '69', '118', 'Et vel nihil placeat dicta iste. Eveniet quasi labore aut at iste. Veritatis quae aut aut aliquam et voluptas harum enim. Doloribus sunt ut corrupti aut quo.', 'quam', 4, NULL, '1983-05-30 01:30:36', '1974-12-05 06:41:16');
INSERT INTO `media` (`id`, `media_type_id`, `user_id`, `body`, `filename`, `size`, `metadata`, `created_at`, `updated_at`) VALUES ('70', '70', '119', 'Tempore vel iusto excepturi dolor. Consectetur molestiae enim blanditiis veniam nobis illo. Amet tempore eum libero soluta aut provident.', 'voluptate', 9001, NULL, '2001-06-15 10:51:00', '1981-08-21 21:57:10');
INSERT INTO `media` (`id`, `media_type_id`, `user_id`, `body`, `filename`, `size`, `metadata`, `created_at`, `updated_at`) VALUES ('71', '71', '121', 'Ducimus quasi reiciendis corrupti cupiditate sit voluptatem. Ex modi impedit omnis autem. Amet ut asperiores expedita perferendis est eaque. Iste sunt quo inventore cupiditate eum voluptatem.', 'sit', 4636024, NULL, '2018-10-05 14:07:30', '1997-06-03 01:53:59');
INSERT INTO `media` (`id`, `media_type_id`, `user_id`, `body`, `filename`, `size`, `metadata`, `created_at`, `updated_at`) VALUES ('72', '72', '123', 'Qui tempore adipisci dolores iure sed aspernatur nostrum. Aspernatur nemo debitis non incidunt qui sit. Labore eos aut dolorem voluptatem et eligendi enim.', 'sed', 54139, NULL, '2004-04-03 08:13:31', '2006-05-13 10:20:06');
INSERT INTO `media` (`id`, `media_type_id`, `user_id`, `body`, `filename`, `size`, `metadata`, `created_at`, `updated_at`) VALUES ('73', '73', '124', 'Praesentium voluptatem beatae sed asperiores dolorum. Voluptate velit accusantium saepe cumque exercitationem quis rem doloremque. Consectetur corrupti aut eligendi provident quis laborum. Ad temporibus eveniet sunt sed et illum dolor.', 'voluptates', 942, NULL, '1975-01-22 08:29:41', '2014-03-03 19:35:41');
INSERT INTO `media` (`id`, `media_type_id`, `user_id`, `body`, `filename`, `size`, `metadata`, `created_at`, `updated_at`) VALUES ('74', '74', '126', 'Amet adipisci omnis inventore. Alias eaque distinctio omnis amet. Minus voluptatibus et iste quia quis voluptas. Laudantium quas quam voluptate iste.', 'id', 0, NULL, '2013-12-23 00:03:11', '2003-11-29 05:31:27');
INSERT INTO `media` (`id`, `media_type_id`, `user_id`, `body`, `filename`, `size`, `metadata`, `created_at`, `updated_at`) VALUES ('75', '75', '128', 'Omnis qui voluptatem velit magni consequatur eligendi et sequi. Distinctio reiciendis est et quibusdam optio tempora.', 'placeat', 7989, NULL, '1984-03-16 11:22:44', '1994-04-26 19:22:33');
INSERT INTO `media` (`id`, `media_type_id`, `user_id`, `body`, `filename`, `size`, `metadata`, `created_at`, `updated_at`) VALUES ('76', '76', '133', 'Consequuntur ea id dolores animi aliquam ea quod. Eos nulla voluptas voluptate vel autem ratione.', 'esse', 3677, NULL, '2016-10-31 07:30:06', '1982-10-06 08:31:49');
INSERT INTO `media` (`id`, `media_type_id`, `user_id`, `body`, `filename`, `size`, `metadata`, `created_at`, `updated_at`) VALUES ('77', '77', '137', 'Asperiores sapiente cupiditate incidunt ipsa. Quaerat et accusamus minus nemo earum a. Soluta eum eum nesciunt rem est amet. Quia minus voluptates quidem laborum sit totam velit.', 'quo', 9837699, NULL, '1989-06-23 22:58:40', '1993-02-21 22:35:24');
INSERT INTO `media` (`id`, `media_type_id`, `user_id`, `body`, `filename`, `size`, `metadata`, `created_at`, `updated_at`) VALUES ('78', '78', '141', 'Eligendi aut inventore saepe rerum. Officiis repellat ducimus repellendus aut sequi. Temporibus harum velit cumque quia autem possimus unde nulla.', 'quasi', 7121, NULL, '2007-09-18 19:57:11', '2011-04-16 19:17:12');
INSERT INTO `media` (`id`, `media_type_id`, `user_id`, `body`, `filename`, `size`, `metadata`, `created_at`, `updated_at`) VALUES ('79', '79', '143', 'Non ea laborum eos adipisci. Nihil eius ratione totam laborum. Quisquam ut ea explicabo enim blanditiis. Ut ea inventore assumenda iusto labore nostrum delectus.', 'ipsum', 7130, NULL, '2020-12-30 08:04:11', '2008-09-01 08:42:52');
INSERT INTO `media` (`id`, `media_type_id`, `user_id`, `body`, `filename`, `size`, `metadata`, `created_at`, `updated_at`) VALUES ('80', '80', '144', 'Non possimus omnis culpa. Eos dolor sit deleniti rerum.', 'aspernatur', 796487, NULL, '1999-12-22 03:19:10', '1983-08-20 14:19:02');
INSERT INTO `media` (`id`, `media_type_id`, `user_id`, `body`, `filename`, `size`, `metadata`, `created_at`, `updated_at`) VALUES ('81', '81', '148', 'Natus est sed impedit et voluptas et. Atque optio nesciunt culpa accusantium quia odit quas. Corporis illo consequatur et placeat non aliquam molestiae.', 'ratione', 316291, NULL, '1970-10-17 19:57:36', '1991-12-28 19:34:58');
INSERT INTO `media` (`id`, `media_type_id`, `user_id`, `body`, `filename`, `size`, `metadata`, `created_at`, `updated_at`) VALUES ('82', '82', '150', 'Repellendus suscipit voluptatem saepe inventore iure. Mollitia ut consequatur culpa non saepe sint est. Sint repellendus sed omnis praesentium qui est.', 'repellat', 59, NULL, '1970-10-06 01:20:13', '2020-11-22 08:18:45');
INSERT INTO `media` (`id`, `media_type_id`, `user_id`, `body`, `filename`, `size`, `metadata`, `created_at`, `updated_at`) VALUES ('83', '83', '151', 'Mollitia officiis iusto rem porro. Ipsam inventore porro sunt nihil. Et laborum recusandae libero non ipsam id et quis.', 'veritatis', 467212716, NULL, '2020-04-30 14:15:10', '2008-03-29 23:47:49');
INSERT INTO `media` (`id`, `media_type_id`, `user_id`, `body`, `filename`, `size`, `metadata`, `created_at`, `updated_at`) VALUES ('84', '84', '152', 'Doloribus iure voluptates repellat est. Quis architecto facere voluptatem et. Illo vel ratione dignissimos in consequatur eligendi iusto illo. Ut tenetur eligendi ut.', 'tempore', 5, NULL, '2018-05-31 11:01:25', '2003-06-27 18:19:50');
INSERT INTO `media` (`id`, `media_type_id`, `user_id`, `body`, `filename`, `size`, `metadata`, `created_at`, `updated_at`) VALUES ('85', '85', '153', 'Et saepe ullam placeat ut. Exercitationem dolores dignissimos et quos dignissimos. Eius cumque velit aut occaecati. Aliquid ea corrupti quos.', 'facere', 160, NULL, '1978-08-17 22:41:11', '1997-12-25 17:24:43');
INSERT INTO `media` (`id`, `media_type_id`, `user_id`, `body`, `filename`, `size`, `metadata`, `created_at`, `updated_at`) VALUES ('86', '86', '154', 'Aut unde impedit architecto consequuntur dolorem excepturi ut. Qui consequatur sint sint sit illo itaque amet. Ut non quo explicabo qui incidunt est.', 'nihil', 68, NULL, '1980-11-29 12:09:59', '1996-10-02 06:07:13');
INSERT INTO `media` (`id`, `media_type_id`, `user_id`, `body`, `filename`, `size`, `metadata`, `created_at`, `updated_at`) VALUES ('87', '87', '155', 'Nobis ipsum autem aspernatur saepe. Sint illo provident corrupti et et omnis corrupti. Aut ea porro consequatur hic voluptas officiis aliquid. Culpa ratione velit pariatur consectetur quia non.', 'sit', 23972572, NULL, '2007-08-26 03:43:28', '1970-03-22 05:33:35');
INSERT INTO `media` (`id`, `media_type_id`, `user_id`, `body`, `filename`, `size`, `metadata`, `created_at`, `updated_at`) VALUES ('88', '88', '157', 'Neque rerum et mollitia eveniet. Ea est maxime quo qui beatae. Provident quasi asperiores quisquam provident sed ducimus adipisci.', 'dolore', 84, NULL, '1987-07-03 12:46:30', '1999-02-25 13:04:44');
INSERT INTO `media` (`id`, `media_type_id`, `user_id`, `body`, `filename`, `size`, `metadata`, `created_at`, `updated_at`) VALUES ('89', '89', '158', 'A et odio reprehenderit quia. Harum consequatur dicta ut et dolores. Ducimus qui fugit dignissimos adipisci expedita natus dolor.', 'aperiam', 935202162, NULL, '1976-03-10 01:55:21', '1970-03-17 22:38:41');
INSERT INTO `media` (`id`, `media_type_id`, `user_id`, `body`, `filename`, `size`, `metadata`, `created_at`, `updated_at`) VALUES ('90', '90', '160', 'Minima voluptatem repellat aut voluptatibus et. Quos laborum nemo ut et.', 'qui', 0, NULL, '2009-05-24 08:57:54', '1980-05-08 03:03:00');
INSERT INTO `media` (`id`, `media_type_id`, `user_id`, `body`, `filename`, `size`, `metadata`, `created_at`, `updated_at`) VALUES ('91', '91', '161', 'Qui ullam saepe voluptas ut fugit aut non. Ea autem et et sapiente totam mollitia et. Eum tempore repudiandae ut illum consequatur eos non fugiat. Debitis nesciunt non omnis unde eligendi quaerat.', 'sit', 6, NULL, '2013-03-21 21:59:41', '2006-02-13 11:33:57');
INSERT INTO `media` (`id`, `media_type_id`, `user_id`, `body`, `filename`, `size`, `metadata`, `created_at`, `updated_at`) VALUES ('92', '92', '163', 'Quia soluta dolorum possimus voluptas debitis officia. Ad nesciunt laboriosam corrupti consequatur. Quo excepturi sapiente aperiam repudiandae ipsa perspiciatis distinctio. Aspernatur harum tempora aliquam possimus sunt.', 'facilis', 8145601, NULL, '1998-12-29 16:36:14', '2004-06-11 07:45:05');
INSERT INTO `media` (`id`, `media_type_id`, `user_id`, `body`, `filename`, `size`, `metadata`, `created_at`, `updated_at`) VALUES ('93', '93', '164', 'Et consequatur facere commodi ex vero. Quia odio ut in aliquid beatae laboriosam ea. Et veniam sit quas qui exercitationem tempora iste. Maiores reprehenderit quasi vero tempora facilis rem. Consequuntur alias modi vel consequatur rem.', 'laboriosam', 276476883, NULL, '2009-12-12 11:05:47', '1983-07-04 15:26:32');
INSERT INTO `media` (`id`, `media_type_id`, `user_id`, `body`, `filename`, `size`, `metadata`, `created_at`, `updated_at`) VALUES ('94', '94', '166', 'Natus temporibus iusto quas blanditiis esse. Beatae quos ut dolor mollitia. Ut quis dolor eum rerum explicabo labore adipisci voluptatibus. Possimus ratione beatae omnis alias illo quidem.', 'veniam', 271748234, NULL, '1998-07-18 06:40:13', '1989-10-03 23:57:50');
INSERT INTO `media` (`id`, `media_type_id`, `user_id`, `body`, `filename`, `size`, `metadata`, `created_at`, `updated_at`) VALUES ('95', '95', '168', 'Harum voluptatibus quo deleniti sit. Aut aspernatur sint eum non eos commodi. Reprehenderit consequatur magni qui cumque.', 'eligendi', 61, NULL, '2004-12-03 05:04:07', '1978-11-22 15:50:42');
INSERT INTO `media` (`id`, `media_type_id`, `user_id`, `body`, `filename`, `size`, `metadata`, `created_at`, `updated_at`) VALUES ('96', '96', '170', 'Molestias nostrum cupiditate ea esse qui. Delectus ut impedit odio odio nobis et. Et quidem omnis dolorum consequatur. Cum totam soluta earum molestias.', 'sint', 0, NULL, '2013-11-22 05:59:54', '1979-08-08 04:43:07');
INSERT INTO `media` (`id`, `media_type_id`, `user_id`, `body`, `filename`, `size`, `metadata`, `created_at`, `updated_at`) VALUES ('97', '97', '172', 'Repellendus voluptas ad saepe nam. Ut optio blanditiis eligendi voluptatibus magnam enim eveniet. Saepe quam esse omnis cupiditate ut et placeat.', 'eaque', 741677228, NULL, '1985-08-21 23:06:34', '2019-10-14 11:31:39');
INSERT INTO `media` (`id`, `media_type_id`, `user_id`, `body`, `filename`, `size`, `metadata`, `created_at`, `updated_at`) VALUES ('98', '98', '175', 'Odio quia aut temporibus laborum. Occaecati eaque provident dolorem et alias.', 'quod', 36311, NULL, '2021-04-14 05:03:13', '2015-09-15 11:44:52');
INSERT INTO `media` (`id`, `media_type_id`, `user_id`, `body`, `filename`, `size`, `metadata`, `created_at`, `updated_at`) VALUES ('99', '99', '180', 'Assumenda error ut sed qui. Voluptas est vel voluptas. Et sit ut sint.', 'ratione', 8, NULL, '2006-02-28 16:31:35', '1985-02-10 18:36:24');
INSERT INTO `media` (`id`, `media_type_id`, `user_id`, `body`, `filename`, `size`, `metadata`, `created_at`, `updated_at`) VALUES ('100', '100', '181', 'Minima rerum quos et. Neque aut sunt pariatur quia nesciunt. Voluptates error deserunt voluptatem illum et dolorem voluptas qui. Sit dolor nihil magni voluptas id.', 'sunt', 81016, NULL, '1975-01-21 09:15:34', '1981-12-16 17:55:19');

INSERT INTO `likes` (`id`, `user_id`, `media_id`, `created_at`) VALUES ('1', '101', '1', '1992-11-01 13:09:31');
INSERT INTO `likes` (`id`, `user_id`, `media_id`, `created_at`) VALUES ('2', '102', '2', '2014-09-13 06:40:07');
INSERT INTO `likes` (`id`, `user_id`, `media_id`, `created_at`) VALUES ('3', '104', '3', '1987-06-17 04:02:02');
INSERT INTO `likes` (`id`, `user_id`, `media_id`, `created_at`) VALUES ('4', '105', '4', '2005-09-09 09:14:10');
INSERT INTO `likes` (`id`, `user_id`, `media_id`, `created_at`) VALUES ('5', '106', '5', '1976-05-04 06:43:37');
INSERT INTO `likes` (`id`, `user_id`, `media_id`, `created_at`) VALUES ('6', '107', '6', '2000-11-13 14:56:13');
INSERT INTO `likes` (`id`, `user_id`, `media_id`, `created_at`) VALUES ('7', '109', '7', '2018-11-21 07:41:11');
INSERT INTO `likes` (`id`, `user_id`, `media_id`, `created_at`) VALUES ('8', '110', '8', '2005-04-17 23:33:44');
INSERT INTO `likes` (`id`, `user_id`, `media_id`, `created_at`) VALUES ('9', '111', '9', '1990-03-03 14:03:54');
INSERT INTO `likes` (`id`, `user_id`, `media_id`, `created_at`) VALUES ('10', '112', '10', '1980-12-31 07:57:56');
INSERT INTO `likes` (`id`, `user_id`, `media_id`, `created_at`) VALUES ('11', '114', '11', '1985-11-21 07:45:54');
INSERT INTO `likes` (`id`, `user_id`, `media_id`, `created_at`) VALUES ('12', '115', '12', '1973-11-09 14:33:17');
INSERT INTO `likes` (`id`, `user_id`, `media_id`, `created_at`) VALUES ('13', '117', '13', '2018-04-18 10:39:05');
INSERT INTO `likes` (`id`, `user_id`, `media_id`, `created_at`) VALUES ('14', '118', '14', '2017-12-29 10:20:18');
INSERT INTO `likes` (`id`, `user_id`, `media_id`, `created_at`) VALUES ('15', '119', '15', '1972-09-20 12:59:00');
INSERT INTO `likes` (`id`, `user_id`, `media_id`, `created_at`) VALUES ('16', '121', '16', '2017-08-27 08:39:40');
INSERT INTO `likes` (`id`, `user_id`, `media_id`, `created_at`) VALUES ('17', '123', '17', '2012-08-27 16:29:27');
INSERT INTO `likes` (`id`, `user_id`, `media_id`, `created_at`) VALUES ('18', '124', '18', '2005-02-27 12:57:11');
INSERT INTO `likes` (`id`, `user_id`, `media_id`, `created_at`) VALUES ('19', '126', '19', '2008-01-19 00:47:34');
INSERT INTO `likes` (`id`, `user_id`, `media_id`, `created_at`) VALUES ('20', '128', '20', '2002-11-30 20:23:26');
INSERT INTO `likes` (`id`, `user_id`, `media_id`, `created_at`) VALUES ('21', '133', '21', '1989-04-30 23:45:19');
INSERT INTO `likes` (`id`, `user_id`, `media_id`, `created_at`) VALUES ('22', '137', '22', '1993-05-21 08:45:34');
INSERT INTO `likes` (`id`, `user_id`, `media_id`, `created_at`) VALUES ('23', '141', '23', '1997-01-20 22:34:08');
INSERT INTO `likes` (`id`, `user_id`, `media_id`, `created_at`) VALUES ('24', '143', '24', '1984-05-22 05:41:10');
INSERT INTO `likes` (`id`, `user_id`, `media_id`, `created_at`) VALUES ('25', '144', '25', '1973-09-13 22:53:52');
INSERT INTO `likes` (`id`, `user_id`, `media_id`, `created_at`) VALUES ('26', '148', '26', '2005-08-19 19:22:42');
INSERT INTO `likes` (`id`, `user_id`, `media_id`, `created_at`) VALUES ('27', '150', '27', '1999-03-16 18:31:03');
INSERT INTO `likes` (`id`, `user_id`, `media_id`, `created_at`) VALUES ('28', '151', '28', '1987-10-16 21:12:36');
INSERT INTO `likes` (`id`, `user_id`, `media_id`, `created_at`) VALUES ('29', '152', '29', '1975-10-27 17:34:07');
INSERT INTO `likes` (`id`, `user_id`, `media_id`, `created_at`) VALUES ('30', '153', '30', '1978-12-09 08:21:13');
INSERT INTO `likes` (`id`, `user_id`, `media_id`, `created_at`) VALUES ('31', '154', '31', '1988-08-08 15:09:06');
INSERT INTO `likes` (`id`, `user_id`, `media_id`, `created_at`) VALUES ('32', '155', '32', '1975-11-28 17:05:27');
INSERT INTO `likes` (`id`, `user_id`, `media_id`, `created_at`) VALUES ('33', '157', '33', '1994-09-01 11:04:39');
INSERT INTO `likes` (`id`, `user_id`, `media_id`, `created_at`) VALUES ('34', '158', '34', '1977-10-10 00:06:38');
INSERT INTO `likes` (`id`, `user_id`, `media_id`, `created_at`) VALUES ('35', '160', '35', '2019-02-18 01:51:31');
INSERT INTO `likes` (`id`, `user_id`, `media_id`, `created_at`) VALUES ('36', '161', '36', '1974-12-03 22:40:49');
INSERT INTO `likes` (`id`, `user_id`, `media_id`, `created_at`) VALUES ('37', '163', '37', '1974-08-11 15:37:25');
INSERT INTO `likes` (`id`, `user_id`, `media_id`, `created_at`) VALUES ('38', '164', '38', '1991-04-02 21:50:58');
INSERT INTO `likes` (`id`, `user_id`, `media_id`, `created_at`) VALUES ('39', '166', '39', '1987-11-21 13:20:22');
INSERT INTO `likes` (`id`, `user_id`, `media_id`, `created_at`) VALUES ('40', '168', '40', '1973-12-13 07:40:58');
INSERT INTO `likes` (`id`, `user_id`, `media_id`, `created_at`) VALUES ('41', '170', '41', '1974-10-18 12:45:03');
INSERT INTO `likes` (`id`, `user_id`, `media_id`, `created_at`) VALUES ('42', '172', '42', '1970-08-22 15:57:11');
INSERT INTO `likes` (`id`, `user_id`, `media_id`, `created_at`) VALUES ('43', '175', '43', '2002-11-25 08:53:05');
INSERT INTO `likes` (`id`, `user_id`, `media_id`, `created_at`) VALUES ('44', '180', '44', '2006-04-02 05:46:03');
INSERT INTO `likes` (`id`, `user_id`, `media_id`, `created_at`) VALUES ('45', '181', '45', '2012-09-14 18:35:36');
INSERT INTO `likes` (`id`, `user_id`, `media_id`, `created_at`) VALUES ('46', '182', '46', '1998-03-14 17:34:50');
INSERT INTO `likes` (`id`, `user_id`, `media_id`, `created_at`) VALUES ('47', '185', '47', '1994-10-28 15:17:43');
INSERT INTO `likes` (`id`, `user_id`, `media_id`, `created_at`) VALUES ('48', '186', '48', '1990-07-17 17:29:12');
INSERT INTO `likes` (`id`, `user_id`, `media_id`, `created_at`) VALUES ('49', '188', '49', '1974-07-07 18:26:29');
INSERT INTO `likes` (`id`, `user_id`, `media_id`, `created_at`) VALUES ('50', '189', '50', '1980-03-19 13:58:04');
INSERT INTO `likes` (`id`, `user_id`, `media_id`, `created_at`) VALUES ('51', '190', '51', '2009-05-07 20:36:08');
INSERT INTO `likes` (`id`, `user_id`, `media_id`, `created_at`) VALUES ('52', '191', '52', '1984-06-23 21:54:49');
INSERT INTO `likes` (`id`, `user_id`, `media_id`, `created_at`) VALUES ('53', '198', '53', '1979-08-24 01:11:39');
INSERT INTO `likes` (`id`, `user_id`, `media_id`, `created_at`) VALUES ('54', '199', '54', '2020-10-15 02:31:33');
INSERT INTO `likes` (`id`, `user_id`, `media_id`, `created_at`) VALUES ('55', '200', '55', '2012-09-28 15:31:49');
INSERT INTO `likes` (`id`, `user_id`, `media_id`, `created_at`) VALUES ('56', '101', '56', '1979-11-13 10:08:39');
INSERT INTO `likes` (`id`, `user_id`, `media_id`, `created_at`) VALUES ('57', '102', '57', '1988-12-14 13:19:31');
INSERT INTO `likes` (`id`, `user_id`, `media_id`, `created_at`) VALUES ('58', '104', '58', '1987-04-29 05:55:23');
INSERT INTO `likes` (`id`, `user_id`, `media_id`, `created_at`) VALUES ('59', '105', '59', '2015-05-25 20:42:34');
INSERT INTO `likes` (`id`, `user_id`, `media_id`, `created_at`) VALUES ('60', '106', '60', '1978-01-06 01:45:10');
INSERT INTO `likes` (`id`, `user_id`, `media_id`, `created_at`) VALUES ('61', '107', '61', '1982-09-18 22:28:15');
INSERT INTO `likes` (`id`, `user_id`, `media_id`, `created_at`) VALUES ('62', '109', '62', '2015-03-28 15:55:35');
INSERT INTO `likes` (`id`, `user_id`, `media_id`, `created_at`) VALUES ('63', '110', '63', '2000-10-25 13:54:55');
INSERT INTO `likes` (`id`, `user_id`, `media_id`, `created_at`) VALUES ('64', '111', '64', '1982-02-09 15:22:35');
INSERT INTO `likes` (`id`, `user_id`, `media_id`, `created_at`) VALUES ('65', '112', '65', '2008-02-28 01:48:38');
INSERT INTO `likes` (`id`, `user_id`, `media_id`, `created_at`) VALUES ('66', '114', '66', '1993-08-17 03:28:45');
INSERT INTO `likes` (`id`, `user_id`, `media_id`, `created_at`) VALUES ('67', '115', '67', '1978-06-06 09:57:31');
INSERT INTO `likes` (`id`, `user_id`, `media_id`, `created_at`) VALUES ('68', '117', '68', '2010-09-01 12:49:35');
INSERT INTO `likes` (`id`, `user_id`, `media_id`, `created_at`) VALUES ('69', '118', '69', '1983-03-03 17:26:09');
INSERT INTO `likes` (`id`, `user_id`, `media_id`, `created_at`) VALUES ('70', '119', '70', '1976-12-13 13:21:15');
INSERT INTO `likes` (`id`, `user_id`, `media_id`, `created_at`) VALUES ('71', '121', '71', '2019-01-31 06:33:27');
INSERT INTO `likes` (`id`, `user_id`, `media_id`, `created_at`) VALUES ('72', '123', '72', '2018-09-15 08:37:28');
INSERT INTO `likes` (`id`, `user_id`, `media_id`, `created_at`) VALUES ('73', '124', '73', '1981-11-07 02:25:44');
INSERT INTO `likes` (`id`, `user_id`, `media_id`, `created_at`) VALUES ('74', '126', '74', '1992-03-21 01:18:56');
INSERT INTO `likes` (`id`, `user_id`, `media_id`, `created_at`) VALUES ('75', '128', '75', '1980-03-01 03:47:49');
INSERT INTO `likes` (`id`, `user_id`, `media_id`, `created_at`) VALUES ('76', '133', '76', '1984-03-13 22:59:19');
INSERT INTO `likes` (`id`, `user_id`, `media_id`, `created_at`) VALUES ('77', '137', '77', '2020-07-02 05:48:27');
INSERT INTO `likes` (`id`, `user_id`, `media_id`, `created_at`) VALUES ('78', '141', '78', '1999-04-14 12:52:38');
INSERT INTO `likes` (`id`, `user_id`, `media_id`, `created_at`) VALUES ('79', '143', '79', '1973-09-29 12:55:19');
INSERT INTO `likes` (`id`, `user_id`, `media_id`, `created_at`) VALUES ('80', '144', '80', '1988-11-14 09:20:48');
INSERT INTO `likes` (`id`, `user_id`, `media_id`, `created_at`) VALUES ('81', '148', '81', '1978-11-23 23:13:00');
INSERT INTO `likes` (`id`, `user_id`, `media_id`, `created_at`) VALUES ('82', '150', '82', '1987-04-20 01:00:33');
INSERT INTO `likes` (`id`, `user_id`, `media_id`, `created_at`) VALUES ('83', '151', '83', '1987-08-08 09:00:41');
INSERT INTO `likes` (`id`, `user_id`, `media_id`, `created_at`) VALUES ('84', '152', '84', '1988-08-25 04:33:02');
INSERT INTO `likes` (`id`, `user_id`, `media_id`, `created_at`) VALUES ('85', '153', '85', '1991-09-05 15:25:41');
INSERT INTO `likes` (`id`, `user_id`, `media_id`, `created_at`) VALUES ('86', '154', '86', '2011-09-11 13:32:18');
INSERT INTO `likes` (`id`, `user_id`, `media_id`, `created_at`) VALUES ('87', '155', '87', '2012-07-06 05:31:03');
INSERT INTO `likes` (`id`, `user_id`, `media_id`, `created_at`) VALUES ('88', '157', '88', '1994-09-06 23:40:51');
INSERT INTO `likes` (`id`, `user_id`, `media_id`, `created_at`) VALUES ('89', '158', '89', '1972-10-28 20:19:36');
INSERT INTO `likes` (`id`, `user_id`, `media_id`, `created_at`) VALUES ('90', '160', '90', '1971-12-11 01:54:53');
INSERT INTO `likes` (`id`, `user_id`, `media_id`, `created_at`) VALUES ('91', '161', '91', '2012-02-23 03:29:58');
INSERT INTO `likes` (`id`, `user_id`, `media_id`, `created_at`) VALUES ('92', '163', '92', '1986-07-27 14:41:40');
INSERT INTO `likes` (`id`, `user_id`, `media_id`, `created_at`) VALUES ('93', '164', '93', '2000-10-19 14:52:11');
INSERT INTO `likes` (`id`, `user_id`, `media_id`, `created_at`) VALUES ('94', '166', '94', '2019-04-11 02:28:01');
INSERT INTO `likes` (`id`, `user_id`, `media_id`, `created_at`) VALUES ('95', '168', '95', '1992-06-03 17:39:51');
INSERT INTO `likes` (`id`, `user_id`, `media_id`, `created_at`) VALUES ('96', '170', '96', '1973-05-03 03:59:01');
INSERT INTO `likes` (`id`, `user_id`, `media_id`, `created_at`) VALUES ('97', '172', '97', '1973-06-08 12:17:32');
INSERT INTO `likes` (`id`, `user_id`, `media_id`, `created_at`) VALUES ('98', '175', '98', '1976-01-18 04:40:46');
INSERT INTO `likes` (`id`, `user_id`, `media_id`, `created_at`) VALUES ('99', '180', '99', '1988-10-28 14:41:17');
INSERT INTO `likes` (`id`, `user_id`, `media_id`, `created_at`) VALUES ('100', '181', '100', '1982-10-10 03:24:10');

INSERT INTO `friend_requests` (`initiator_user_id`, `target_user_id`, `status`, `requested_at`, `updated_at`) VALUES ('101', '114', 'requested', '1975-08-16 09:12:55', '2009-06-16 20:43:29');
INSERT INTO `friend_requests` (`initiator_user_id`, `target_user_id`, `status`, `requested_at`, `updated_at`) VALUES ('101', '186', 'approved', '1971-12-23 14:09:59', '2005-05-15 06:23:55');
INSERT INTO `friend_requests` (`initiator_user_id`, `target_user_id`, `status`, `requested_at`, `updated_at`) VALUES ('102', '128', 'requested', '1995-08-14 15:58:03', '2019-10-01 11:25:55');
INSERT INTO `friend_requests` (`initiator_user_id`, `target_user_id`, `status`, `requested_at`, `updated_at`) VALUES ('102', '170', 'requested', '1974-06-24 17:48:22', '2020-02-06 18:18:09');
INSERT INTO `friend_requests` (`initiator_user_id`, `target_user_id`, `status`, `requested_at`, `updated_at`) VALUES ('104', '105', 'unfriended', '2000-10-13 00:41:12', '2008-11-05 15:13:31');
INSERT INTO `friend_requests` (`initiator_user_id`, `target_user_id`, `status`, `requested_at`, `updated_at`) VALUES ('104', '172', 'unfriended', '2015-10-03 08:06:37', '2020-03-31 01:29:16');
INSERT INTO `friend_requests` (`initiator_user_id`, `target_user_id`, `status`, `requested_at`, `updated_at`) VALUES ('105', '104', 'declined', '2007-01-16 05:34:12', '2013-02-21 08:49:23');
INSERT INTO `friend_requests` (`initiator_user_id`, `target_user_id`, `status`, `requested_at`, `updated_at`) VALUES ('105', '168', 'declined', '2017-07-01 15:37:31', '1986-04-16 11:57:10');
INSERT INTO `friend_requests` (`initiator_user_id`, `target_user_id`, `status`, `requested_at`, `updated_at`) VALUES ('106', '104', 'approved', '1995-07-22 05:30:17', '2002-09-05 11:41:08');
INSERT INTO `friend_requests` (`initiator_user_id`, `target_user_id`, `status`, `requested_at`, `updated_at`) VALUES ('106', '200', 'unfriended', '1990-12-28 09:51:37', '1978-11-15 08:10:48');
INSERT INTO `friend_requests` (`initiator_user_id`, `target_user_id`, `status`, `requested_at`, `updated_at`) VALUES ('107', '102', 'approved', '2004-07-20 22:55:48', '2018-01-18 06:06:41');
INSERT INTO `friend_requests` (`initiator_user_id`, `target_user_id`, `status`, `requested_at`, `updated_at`) VALUES ('107', '198', 'declined', '1971-01-05 14:32:13', '2020-11-17 02:22:43');
INSERT INTO `friend_requests` (`initiator_user_id`, `target_user_id`, `status`, `requested_at`, `updated_at`) VALUES ('109', '101', 'declined', '1977-07-08 14:03:14', '1982-07-05 06:49:42');
INSERT INTO `friend_requests` (`initiator_user_id`, `target_user_id`, `status`, `requested_at`, `updated_at`) VALUES ('109', '199', 'requested', '2004-11-07 03:47:03', '2011-08-05 16:20:39');
INSERT INTO `friend_requests` (`initiator_user_id`, `target_user_id`, `status`, `requested_at`, `updated_at`) VALUES ('110', '107', 'requested', '1985-05-29 06:09:44', '2020-09-17 02:25:58');
INSERT INTO `friend_requests` (`initiator_user_id`, `target_user_id`, `status`, `requested_at`, `updated_at`) VALUES ('110', '182', 'requested', '1988-04-20 04:37:33', '1985-12-22 05:55:50');
INSERT INTO `friend_requests` (`initiator_user_id`, `target_user_id`, `status`, `requested_at`, `updated_at`) VALUES ('111', '121', 'requested', '1988-05-18 22:38:28', '2011-10-28 14:35:28');
INSERT INTO `friend_requests` (`initiator_user_id`, `target_user_id`, `status`, `requested_at`, `updated_at`) VALUES ('111', '152', 'unfriended', '1971-08-16 23:22:02', '1982-12-03 14:11:24');
INSERT INTO `friend_requests` (`initiator_user_id`, `target_user_id`, `status`, `requested_at`, `updated_at`) VALUES ('112', '121', 'declined', '1997-05-18 02:43:21', '1990-08-26 10:11:34');
INSERT INTO `friend_requests` (`initiator_user_id`, `target_user_id`, `status`, `requested_at`, `updated_at`) VALUES ('112', '182', 'approved', '2021-03-24 04:18:25', '1992-10-24 09:46:16');
INSERT INTO `friend_requests` (`initiator_user_id`, `target_user_id`, `status`, `requested_at`, `updated_at`) VALUES ('114', '118', 'unfriended', '2000-12-09 17:53:54', '2015-11-12 01:30:35');
INSERT INTO `friend_requests` (`initiator_user_id`, `target_user_id`, `status`, `requested_at`, `updated_at`) VALUES ('114', '143', 'unfriended', '1975-05-04 17:26:48', '1999-11-14 22:03:59');
INSERT INTO `friend_requests` (`initiator_user_id`, `target_user_id`, `status`, `requested_at`, `updated_at`) VALUES ('115', '107', 'requested', '1994-06-20 00:14:10', '1987-02-23 08:39:15');
INSERT INTO `friend_requests` (`initiator_user_id`, `target_user_id`, `status`, `requested_at`, `updated_at`) VALUES ('115', '164', 'unfriended', '1982-06-25 07:34:49', '1972-03-31 06:32:14');
INSERT INTO `friend_requests` (`initiator_user_id`, `target_user_id`, `status`, `requested_at`, `updated_at`) VALUES ('117', '158', 'approved', '1996-10-15 08:55:52', '1999-03-02 08:38:01');
INSERT INTO `friend_requests` (`initiator_user_id`, `target_user_id`, `status`, `requested_at`, `updated_at`) VALUES ('117', '185', 'declined', '1974-03-25 21:17:48', '2013-09-12 09:18:09');
INSERT INTO `friend_requests` (`initiator_user_id`, `target_user_id`, `status`, `requested_at`, `updated_at`) VALUES ('118', '141', 'requested', '1998-08-29 02:24:24', '1984-07-01 21:41:37');
INSERT INTO `friend_requests` (`initiator_user_id`, `target_user_id`, `status`, `requested_at`, `updated_at`) VALUES ('118', '153', 'unfriended', '2005-10-14 03:00:31', '1970-10-12 09:16:58');
INSERT INTO `friend_requests` (`initiator_user_id`, `target_user_id`, `status`, `requested_at`, `updated_at`) VALUES ('119', '109', 'approved', '1984-06-03 04:17:11', '1983-04-01 20:44:16');
INSERT INTO `friend_requests` (`initiator_user_id`, `target_user_id`, `status`, `requested_at`, `updated_at`) VALUES ('119', '152', 'unfriended', '1988-11-12 09:24:15', '1975-10-14 12:40:59');
INSERT INTO `friend_requests` (`initiator_user_id`, `target_user_id`, `status`, `requested_at`, `updated_at`) VALUES ('121', '117', 'unfriended', '1992-06-22 18:26:58', '1981-06-09 02:04:29');
INSERT INTO `friend_requests` (`initiator_user_id`, `target_user_id`, `status`, `requested_at`, `updated_at`) VALUES ('121', '168', 'declined', '1979-05-05 20:22:41', '1991-10-14 11:10:13');
INSERT INTO `friend_requests` (`initiator_user_id`, `target_user_id`, `status`, `requested_at`, `updated_at`) VALUES ('123', '141', 'declined', '1976-11-16 13:19:50', '1986-02-08 02:19:44');
INSERT INTO `friend_requests` (`initiator_user_id`, `target_user_id`, `status`, `requested_at`, `updated_at`) VALUES ('123', '189', 'declined', '1997-04-02 05:19:04', '1993-01-25 21:11:24');
INSERT INTO `friend_requests` (`initiator_user_id`, `target_user_id`, `status`, `requested_at`, `updated_at`) VALUES ('124', '133', 'requested', '2017-12-26 12:30:20', '1971-05-12 15:34:05');
INSERT INTO `friend_requests` (`initiator_user_id`, `target_user_id`, `status`, `requested_at`, `updated_at`) VALUES ('124', '186', 'requested', '2014-06-30 01:25:20', '1994-09-08 01:43:03');
INSERT INTO `friend_requests` (`initiator_user_id`, `target_user_id`, `status`, `requested_at`, `updated_at`) VALUES ('126', '104', 'declined', '1994-07-01 11:18:38', '2008-06-21 05:21:30');
INSERT INTO `friend_requests` (`initiator_user_id`, `target_user_id`, `status`, `requested_at`, `updated_at`) VALUES ('126', '152', 'unfriended', '2004-10-15 18:54:22', '1988-03-15 21:21:40');
INSERT INTO `friend_requests` (`initiator_user_id`, `target_user_id`, `status`, `requested_at`, `updated_at`) VALUES ('128', '118', 'requested', '1989-03-02 14:19:24', '2006-05-24 13:57:19');
INSERT INTO `friend_requests` (`initiator_user_id`, `target_user_id`, `status`, `requested_at`, `updated_at`) VALUES ('128', '143', 'requested', '2004-09-02 00:51:22', '2012-01-20 03:19:25');
INSERT INTO `friend_requests` (`initiator_user_id`, `target_user_id`, `status`, `requested_at`, `updated_at`) VALUES ('133', '124', 'unfriended', '1979-11-21 16:53:42', '2006-10-11 07:01:12');
INSERT INTO `friend_requests` (`initiator_user_id`, `target_user_id`, `status`, `requested_at`, `updated_at`) VALUES ('133', '172', 'requested', '2014-09-12 02:06:51', '1995-04-24 21:56:23');
INSERT INTO `friend_requests` (`initiator_user_id`, `target_user_id`, `status`, `requested_at`, `updated_at`) VALUES ('137', '161', 'requested', '2011-05-29 04:33:45', '2010-08-05 17:39:00');
INSERT INTO `friend_requests` (`initiator_user_id`, `target_user_id`, `status`, `requested_at`, `updated_at`) VALUES ('137', '191', 'requested', '1986-02-19 23:18:35', '2012-01-24 03:08:10');
INSERT INTO `friend_requests` (`initiator_user_id`, `target_user_id`, `status`, `requested_at`, `updated_at`) VALUES ('141', '126', 'approved', '2001-12-10 03:47:57', '2001-02-20 21:27:25');
INSERT INTO `friend_requests` (`initiator_user_id`, `target_user_id`, `status`, `requested_at`, `updated_at`) VALUES ('141', '180', 'requested', '2009-11-17 18:44:32', '2018-01-08 09:27:39');
INSERT INTO `friend_requests` (`initiator_user_id`, `target_user_id`, `status`, `requested_at`, `updated_at`) VALUES ('143', '104', 'requested', '1992-09-02 06:30:17', '2002-02-25 16:15:59');
INSERT INTO `friend_requests` (`initiator_user_id`, `target_user_id`, `status`, `requested_at`, `updated_at`) VALUES ('143', '189', 'requested', '2006-01-11 00:13:00', '1996-02-26 00:53:15');
INSERT INTO `friend_requests` (`initiator_user_id`, `target_user_id`, `status`, `requested_at`, `updated_at`) VALUES ('144', '115', 'unfriended', '2012-03-15 19:22:40', '2002-02-11 20:01:03');
INSERT INTO `friend_requests` (`initiator_user_id`, `target_user_id`, `status`, `requested_at`, `updated_at`) VALUES ('144', '198', 'declined', '1979-07-31 22:01:01', '1981-05-12 01:00:07');
INSERT INTO `friend_requests` (`initiator_user_id`, `target_user_id`, `status`, `requested_at`, `updated_at`) VALUES ('148', '137', 'unfriended', '2016-04-01 10:30:06', '1996-10-28 12:48:08');
INSERT INTO `friend_requests` (`initiator_user_id`, `target_user_id`, `status`, `requested_at`, `updated_at`) VALUES ('148', '164', 'requested', '1986-02-25 04:46:24', '2005-07-24 01:34:24');
INSERT INTO `friend_requests` (`initiator_user_id`, `target_user_id`, `status`, `requested_at`, `updated_at`) VALUES ('150', '118', 'requested', '2014-02-09 23:16:12', '1973-11-21 03:34:31');
INSERT INTO `friend_requests` (`initiator_user_id`, `target_user_id`, `status`, `requested_at`, `updated_at`) VALUES ('150', '175', 'unfriended', '1995-04-08 10:40:07', '1974-05-03 14:34:36');
INSERT INTO `friend_requests` (`initiator_user_id`, `target_user_id`, `status`, `requested_at`, `updated_at`) VALUES ('151', '153', 'requested', '2012-07-17 05:52:08', '1996-03-22 10:18:38');
INSERT INTO `friend_requests` (`initiator_user_id`, `target_user_id`, `status`, `requested_at`, `updated_at`) VALUES ('151', '181', 'requested', '1999-09-02 09:50:07', '2008-07-22 10:51:13');
INSERT INTO `friend_requests` (`initiator_user_id`, `target_user_id`, `status`, `requested_at`, `updated_at`) VALUES ('152', '118', 'requested', '1977-07-02 08:53:59', '1974-05-19 19:24:39');
INSERT INTO `friend_requests` (`initiator_user_id`, `target_user_id`, `status`, `requested_at`, `updated_at`) VALUES ('152', '160', 'requested', '2003-07-26 05:37:05', '2001-05-31 11:00:54');
INSERT INTO `friend_requests` (`initiator_user_id`, `target_user_id`, `status`, `requested_at`, `updated_at`) VALUES ('153', '115', 'unfriended', '1986-04-26 12:21:07', '2014-08-29 05:51:07');
INSERT INTO `friend_requests` (`initiator_user_id`, `target_user_id`, `status`, `requested_at`, `updated_at`) VALUES ('153', '182', 'unfriended', '1986-06-25 15:55:30', '2007-02-26 02:29:33');
INSERT INTO `friend_requests` (`initiator_user_id`, `target_user_id`, `status`, `requested_at`, `updated_at`) VALUES ('154', '118', 'requested', '2009-02-20 02:12:14', '1989-01-26 20:38:55');
INSERT INTO `friend_requests` (`initiator_user_id`, `target_user_id`, `status`, `requested_at`, `updated_at`) VALUES ('154', '124', 'declined', '1975-01-21 04:15:44', '2005-02-21 21:47:27');
INSERT INTO `friend_requests` (`initiator_user_id`, `target_user_id`, `status`, `requested_at`, `updated_at`) VALUES ('155', '109', 'declined', '2005-01-01 12:07:48', '2017-11-18 10:56:57');
INSERT INTO `friend_requests` (`initiator_user_id`, `target_user_id`, `status`, `requested_at`, `updated_at`) VALUES ('155', '182', 'declined', '1970-04-27 11:17:31', '1995-12-02 16:53:08');
INSERT INTO `friend_requests` (`initiator_user_id`, `target_user_id`, `status`, `requested_at`, `updated_at`) VALUES ('157', '154', 'unfriended', '2014-01-29 15:48:48', '1977-09-23 01:18:01');
INSERT INTO `friend_requests` (`initiator_user_id`, `target_user_id`, `status`, `requested_at`, `updated_at`) VALUES ('157', '155', 'approved', '1994-07-23 08:25:22', '2015-09-23 13:17:29');
INSERT INTO `friend_requests` (`initiator_user_id`, `target_user_id`, `status`, `requested_at`, `updated_at`) VALUES ('158', '105', 'approved', '2021-02-14 10:43:31', '1989-12-19 06:21:17');
INSERT INTO `friend_requests` (`initiator_user_id`, `target_user_id`, `status`, `requested_at`, `updated_at`) VALUES ('158', '123', 'approved', '1978-04-12 03:33:20', '2014-08-19 01:58:04');
INSERT INTO `friend_requests` (`initiator_user_id`, `target_user_id`, `status`, `requested_at`, `updated_at`) VALUES ('160', '111', 'requested', '1979-02-19 18:23:56', '1993-04-18 13:20:52');
INSERT INTO `friend_requests` (`initiator_user_id`, `target_user_id`, `status`, `requested_at`, `updated_at`) VALUES ('160', '154', 'unfriended', '1975-03-09 22:21:38', '2019-05-20 08:24:55');
INSERT INTO `friend_requests` (`initiator_user_id`, `target_user_id`, `status`, `requested_at`, `updated_at`) VALUES ('161', '154', 'requested', '1983-07-19 05:26:23', '1987-01-05 05:11:24');
INSERT INTO `friend_requests` (`initiator_user_id`, `target_user_id`, `status`, `requested_at`, `updated_at`) VALUES ('161', '157', 'declined', '1998-08-22 10:34:57', '1991-09-28 21:04:47');
INSERT INTO `friend_requests` (`initiator_user_id`, `target_user_id`, `status`, `requested_at`, `updated_at`) VALUES ('163', '102', 'unfriended', '1997-06-06 18:32:57', '2016-12-04 20:07:19');
INSERT INTO `friend_requests` (`initiator_user_id`, `target_user_id`, `status`, `requested_at`, `updated_at`) VALUES ('163', '126', 'requested', '2013-05-06 15:32:08', '1992-02-23 13:16:38');
INSERT INTO `friend_requests` (`initiator_user_id`, `target_user_id`, `status`, `requested_at`, `updated_at`) VALUES ('164', '111', 'declined', '2010-03-15 00:31:28', '1998-10-09 19:15:54');
INSERT INTO `friend_requests` (`initiator_user_id`, `target_user_id`, `status`, `requested_at`, `updated_at`) VALUES ('164', '153', 'approved', '1982-12-06 08:43:51', '2013-04-05 10:06:09');
INSERT INTO `friend_requests` (`initiator_user_id`, `target_user_id`, `status`, `requested_at`, `updated_at`) VALUES ('166', '141', 'requested', '1996-04-07 15:23:54', '2007-01-19 09:25:07');
INSERT INTO `friend_requests` (`initiator_user_id`, `target_user_id`, `status`, `requested_at`, `updated_at`) VALUES ('166', '161', 'requested', '2007-01-12 15:09:29', '1976-09-19 00:43:51');
INSERT INTO `friend_requests` (`initiator_user_id`, `target_user_id`, `status`, `requested_at`, `updated_at`) VALUES ('168', '153', 'unfriended', '1990-07-31 11:27:58', '2006-06-20 12:56:00');
INSERT INTO `friend_requests` (`initiator_user_id`, `target_user_id`, `status`, `requested_at`, `updated_at`) VALUES ('168', '158', 'declined', '2000-09-05 08:44:07', '1974-11-16 10:18:34');
INSERT INTO `friend_requests` (`initiator_user_id`, `target_user_id`, `status`, `requested_at`, `updated_at`) VALUES ('170', '181', 'approved', '2009-11-21 19:02:24', '2002-04-28 10:27:54');
INSERT INTO `friend_requests` (`initiator_user_id`, `target_user_id`, `status`, `requested_at`, `updated_at`) VALUES ('170', '200', 'unfriended', '2013-04-07 23:44:06', '2010-06-28 09:03:33');
INSERT INTO `friend_requests` (`initiator_user_id`, `target_user_id`, `status`, `requested_at`, `updated_at`) VALUES ('172', '185', 'unfriended', '2003-06-02 05:54:38', '2009-12-25 00:44:00');
INSERT INTO `friend_requests` (`initiator_user_id`, `target_user_id`, `status`, `requested_at`, `updated_at`) VALUES ('172', '189', 'approved', '1997-09-19 09:29:37', '2021-03-21 03:55:34');
INSERT INTO `friend_requests` (`initiator_user_id`, `target_user_id`, `status`, `requested_at`, `updated_at`) VALUES ('175', '123', 'approved', '1984-12-25 01:21:54', '2018-02-08 10:58:21');
INSERT INTO `friend_requests` (`initiator_user_id`, `target_user_id`, `status`, `requested_at`, `updated_at`) VALUES ('175', '161', 'requested', '1977-08-04 23:16:31', '1996-04-17 13:53:46');
INSERT INTO `friend_requests` (`initiator_user_id`, `target_user_id`, `status`, `requested_at`, `updated_at`) VALUES ('180', '143', 'unfriended', '1971-10-27 14:06:14', '1994-09-03 18:23:00');
INSERT INTO `friend_requests` (`initiator_user_id`, `target_user_id`, `status`, `requested_at`, `updated_at`) VALUES ('180', '182', 'approved', '1981-06-29 18:08:13', '2009-07-04 04:02:08');
INSERT INTO `friend_requests` (`initiator_user_id`, `target_user_id`, `status`, `requested_at`, `updated_at`) VALUES ('181', '124', 'declined', '2005-03-15 20:20:41', '1995-08-25 18:16:34');
INSERT INTO `friend_requests` (`initiator_user_id`, `target_user_id`, `status`, `requested_at`, `updated_at`) VALUES ('181', '137', 'declined', '1970-07-02 14:35:29', '1997-12-25 08:21:31');
INSERT INTO `friend_requests` (`initiator_user_id`, `target_user_id`, `status`, `requested_at`, `updated_at`) VALUES ('182', '141', 'approved', '2003-05-18 21:18:07', '1984-02-17 15:28:25');
INSERT INTO `friend_requests` (`initiator_user_id`, `target_user_id`, `status`, `requested_at`, `updated_at`) VALUES ('185', '154', 'unfriended', '1995-08-14 14:00:48', '2010-09-22 01:57:45');
INSERT INTO `friend_requests` (`initiator_user_id`, `target_user_id`, `status`, `requested_at`, `updated_at`) VALUES ('186', '123', 'approved', '1974-05-17 20:50:28', '1988-07-08 02:20:55');
INSERT INTO `friend_requests` (`initiator_user_id`, `target_user_id`, `status`, `requested_at`, `updated_at`) VALUES ('188', '119', 'declined', '1995-06-06 03:35:52', '2008-01-28 18:55:01');
INSERT INTO `friend_requests` (`initiator_user_id`, `target_user_id`, `status`, `requested_at`, `updated_at`) VALUES ('189', '158', 'declined', '1977-01-08 16:11:06', '1998-04-03 06:26:31');
INSERT INTO `friend_requests` (`initiator_user_id`, `target_user_id`, `status`, `requested_at`, `updated_at`) VALUES ('190', '168', 'approved', '1986-12-29 20:21:25', '2018-11-05 09:19:04');
INSERT INTO `friend_requests` (`initiator_user_id`, `target_user_id`, `status`, `requested_at`, `updated_at`) VALUES ('191', '157', 'requested', '2009-11-23 00:26:31', '1979-08-20 11:51:56');
INSERT INTO `friend_requests` (`initiator_user_id`, `target_user_id`, `status`, `requested_at`, `updated_at`) VALUES ('198', '118', 'approved', '2003-04-04 09:45:34', '1996-05-16 09:45:20');
INSERT INTO `friend_requests` (`initiator_user_id`, `target_user_id`, `status`, `requested_at`, `updated_at`) VALUES ('199', '104', 'declined', '2018-02-12 07:07:40', '1990-01-28 11:27:34');
INSERT INTO `friend_requests` (`initiator_user_id`, `target_user_id`, `status`, `requested_at`, `updated_at`) VALUES ('200', '151', 'approved', '2014-08-12 17:53:33', '1977-03-13 00:47:46');

INSERT INTO `users` (`id`, `firstname`, `lastname`, `email`, `password_hash`, `phone`) VALUES ('101', 'Maxie', 'Langworth', 'dandre.lockman@example.net', 'cc9f55fc829f2d4ed3dcee986aa913189e2efd48', '1');
INSERT INTO `users` (`id`, `firstname`, `lastname`, `email`, `password_hash`, `phone`) VALUES ('102', 'Yvette', 'Adams', 'andres36@example.org', '3dcf800b52ea6f30ccdfcf4b7d0cbc6b9cc0c390', '236144');
INSERT INTO `users` (`id`, `firstname`, `lastname`, `email`, `password_hash`, `phone`) VALUES ('104', 'Lucy', 'Hoeger', 'byundt@example.net', '104c8075ec1bd74a6019dd80179b298957432a7b', '0');
INSERT INTO `users` (`id`, `firstname`, `lastname`, `email`, `password_hash`, `phone`) VALUES ('105', 'Jazlyn', 'White', 'makenna74@example.org', 'b647be74daa4f0c2f74b0180fc5d71a6349cc280', '55');
INSERT INTO `users` (`id`, `firstname`, `lastname`, `email`, `password_hash`, `phone`) VALUES ('106', 'Dashawn', 'Trantow', 'rubye35@example.com', 'b87b9c649543f0d432ba070b440396068e9aebe2', '975519');
INSERT INTO `users` (`id`, `firstname`, `lastname`, `email`, `password_hash`, `phone`) VALUES ('107', 'Adaline', 'Kuhic', 'christophe73@example.net', '1207bf3e5a0a2668e16e509900fccabf61fc53fb', '886746');
INSERT INTO `users` (`id`, `firstname`, `lastname`, `email`, `password_hash`, `phone`) VALUES ('109', 'Kara', 'Harvey', 'mcglynn.ebony@example.com', '09fbf7e37e77731b5edde3507342ad512141f77b', '37');
INSERT INTO `users` (`id`, `firstname`, `lastname`, `email`, `password_hash`, `phone`) VALUES ('110', 'Margarette', 'Hilpert', 'julianne.harber@example.org', '19aa90ad91a0f1fe96274751c6006621c5e6b553', '648');
INSERT INTO `users` (`id`, `firstname`, `lastname`, `email`, `password_hash`, `phone`) VALUES ('111', 'Ismael', 'Baumbach', 'linda05@example.org', '8117d285467e49f378ce706b6b632ca62c7b76a2', '9783419617');
INSERT INTO `users` (`id`, `firstname`, `lastname`, `email`, `password_hash`, `phone`) VALUES ('112', 'Talon', 'Donnelly', 'kali62@example.com', '916e840e347fa5355ea59490295c4f51907dfca9', '553955');
INSERT INTO `users` (`id`, `firstname`, `lastname`, `email`, `password_hash`, `phone`) VALUES ('114', 'Katlynn', 'Stehr', 'taurean.gerlach@example.net', 'a493350a2a1185819e1b031c4d3c282aab3791ce', '11356');
INSERT INTO `users` (`id`, `firstname`, `lastname`, `email`, `password_hash`, `phone`) VALUES ('115', 'Danika', 'Gislason', 'lemuel.stracke@example.net', '3e024cfa8609044aed24cb706024a2b7caa7edd2', '290818');
INSERT INTO `users` (`id`, `firstname`, `lastname`, `email`, `password_hash`, `phone`) VALUES ('117', 'Louisa', 'Murphy', 'rosalee.heller@example.org', '33105b9630aad372eb2bdcd8fdbf62c875a2ddfa', '352537');
INSERT INTO `users` (`id`, `firstname`, `lastname`, `email`, `password_hash`, `phone`) VALUES ('118', 'Jason', 'Wuckert', 'white.janis@example.net', '41d8feab094da9968b6d5e28e4ac77912a07c2e1', '940');
INSERT INTO `users` (`id`, `firstname`, `lastname`, `email`, `password_hash`, `phone`) VALUES ('119', 'Torrey', 'Casper', 'yundt.malvina@example.net', '75aacb4339690aa0344de98be4e99ae81d0e6c6e', '911009');
INSERT INTO `users` (`id`, `firstname`, `lastname`, `email`, `password_hash`, `phone`) VALUES ('121', 'Joanne', 'Stehr', 'eryn.robel@example.com', '7c3728c23ef53c5143f912bedabaa07a646976d4', '433');
INSERT INTO `users` (`id`, `firstname`, `lastname`, `email`, `password_hash`, `phone`) VALUES ('123', 'Nikko', 'Swaniawski', 'wilbert.upton@example.org', '1264d97261912d7a2d323a235d1a68f48b130829', '699141');
INSERT INTO `users` (`id`, `firstname`, `lastname`, `email`, `password_hash`, `phone`) VALUES ('124', 'Bernita', 'Herzog', 'padberg.micheal@example.com', '6aa4446a573a907fa2b29dcab6c3ecb42897b130', '402289');
INSERT INTO `users` (`id`, `firstname`, `lastname`, `email`, `password_hash`, `phone`) VALUES ('126', 'Gunner', 'Koepp', 'lockman.heather@example.com', '20d28bf1b27b44a52391c67399ed0576bb713eba', '364');
INSERT INTO `users` (`id`, `firstname`, `lastname`, `email`, `password_hash`, `phone`) VALUES ('128', 'Estrella', 'Murphy', 'beier.jacinthe@example.net', 'fb6875758b18bba092d71a98d125fe09a6fcbdf0', '273379');
INSERT INTO `users` (`id`, `firstname`, `lastname`, `email`, `password_hash`, `phone`) VALUES ('133', 'Skyla', 'Labadie', 'geovanni90@example.com', '4084b05ef6ae37f9f41e5111b16730558273a1b9', '284');
INSERT INTO `users` (`id`, `firstname`, `lastname`, `email`, `password_hash`, `phone`) VALUES ('137', 'Alessia', 'Ratke', 'heaney.antonietta@example.com', '3cd45a5c79669b3b80327260669543c58c0db8ab', '738');
INSERT INTO `users` (`id`, `firstname`, `lastname`, `email`, `password_hash`, `phone`) VALUES ('141', 'Jack', 'Kilback', 'smith.matteo@example.net', '1a701586736c949ea83ba8bbc574b63b2542db92', '76');
INSERT INTO `users` (`id`, `firstname`, `lastname`, `email`, `password_hash`, `phone`) VALUES ('143', 'Matteo', 'Feest', 'fbuckridge@example.com', '541e689d5a6e17bb678995ac3f01ee6164c6d40e', '91');
INSERT INTO `users` (`id`, `firstname`, `lastname`, `email`, `password_hash`, `phone`) VALUES ('144', 'Bryce', 'Koss', 'liana.howell@example.org', 'b10bf76ad3f38f51adb76533e8a5dcf3e4a1d00d', '8492659851');
INSERT INTO `users` (`id`, `firstname`, `lastname`, `email`, `password_hash`, `phone`) VALUES ('148', 'Ruby', 'Stiedemann', 'salma.cole@example.com', 'b08898c42b38f745e5fc207b0abe417e03b4ed6c', '92980');
INSERT INTO `users` (`id`, `firstname`, `lastname`, `email`, `password_hash`, `phone`) VALUES ('150', 'Domenico', 'Sanford', 'cvandervort@example.org', '6722163c95adaf59f914be3286af2b9d2b74e7af', '572146');
INSERT INTO `users` (`id`, `firstname`, `lastname`, `email`, `password_hash`, `phone`) VALUES ('151', 'Katrine', 'Kulas', 'dare.nels@example.com', 'b4ced6d74cd81fbe0d3bd162c3fd4b422e924216', '62');
INSERT INTO `users` (`id`, `firstname`, `lastname`, `email`, `password_hash`, `phone`) VALUES ('152', 'Omer', 'Rosenbaum', 'justen.ward@example.com', 'de7e306446d311bfcc9e21dc9c34ecbdfc5a8271', '53');
INSERT INTO `users` (`id`, `firstname`, `lastname`, `email`, `password_hash`, `phone`) VALUES ('153', 'Prudence', 'Sipes', 'ndonnelly@example.com', '8639e1d648e417f699e40192c759c0165541148e', '177723');
INSERT INTO `users` (`id`, `firstname`, `lastname`, `email`, `password_hash`, `phone`) VALUES ('154', 'Rafael', 'Zulauf', 'wilkinson.duane@example.org', '87dfb5a9c0729b102e0db3c766e35eec8184dbee', '524');
INSERT INTO `users` (`id`, `firstname`, `lastname`, `email`, `password_hash`, `phone`) VALUES ('155', 'Michaela', 'Pfannerstill', 'kayden82@example.org', '5c776d4533c303be014f4e327fef8cf1732242e8', '918268');
INSERT INTO `users` (`id`, `firstname`, `lastname`, `email`, `password_hash`, `phone`) VALUES ('157', 'Obie', 'White', 'lawrence.bergstrom@example.com', 'a254f3b17549e1b491dc9662381e5b4069b6b770', '825732');
INSERT INTO `users` (`id`, `firstname`, `lastname`, `email`, `password_hash`, `phone`) VALUES ('158', 'Trenton', 'Brekke', 'rlittle@example.org', '61104a5a429ac1500600c6b8aa6d48089e7d9672', '98');
INSERT INTO `users` (`id`, `firstname`, `lastname`, `email`, `password_hash`, `phone`) VALUES ('160', 'Arno', 'Champlin', 'carlo31@example.org', 'bc72c8bd789b94b1dbea2aed41e3be155f6f911d', '601532');
INSERT INTO `users` (`id`, `firstname`, `lastname`, `email`, `password_hash`, `phone`) VALUES ('161', 'Eliane', 'Wolff', 'franecki.tianna@example.net', 'e4eb7ac844aefc1bfa5d39400940b8449feb0649', '727346');
INSERT INTO `users` (`id`, `firstname`, `lastname`, `email`, `password_hash`, `phone`) VALUES ('163', 'Kailee', 'Kunze', 'laverne83@example.com', '8530cf7602b1fcbcf99553668d0b0413b6b98b2a', '467432');
INSERT INTO `users` (`id`, `firstname`, `lastname`, `email`, `password_hash`, `phone`) VALUES ('164', 'Myrl', 'Ebert', 'jeanette70@example.org', '7831e488b4bea6c4c357862e3c8fb26ed46e66d1', '219961');
INSERT INTO `users` (`id`, `firstname`, `lastname`, `email`, `password_hash`, `phone`) VALUES ('166', 'Anne', 'Hegmann', 'kuhic.marlee@example.net', '05c91cdf04fa1a6064e75e691f066dede2a6474b', '576363');
INSERT INTO `users` (`id`, `firstname`, `lastname`, `email`, `password_hash`, `phone`) VALUES ('168', 'Gavin', 'Monahan', 'tony71@example.com', '8f1e4c7dcee112211442214c19e19761fa7c0d9f', '774445');
INSERT INTO `users` (`id`, `firstname`, `lastname`, `email`, `password_hash`, `phone`) VALUES ('170', 'Letitia', 'Jaskolski', 'laurel.adams@example.net', 'bc531c41b57cc22225d32e7de9f51dd07ffb9d71', '1765948927');
INSERT INTO `users` (`id`, `firstname`, `lastname`, `email`, `password_hash`, `phone`) VALUES ('172', 'Ivory', 'Deckow', 'haleigh.hirthe@example.org', '89316aa62df9ffc2da7ed366caedd83777dfa3db', '938');
INSERT INTO `users` (`id`, `firstname`, `lastname`, `email`, `password_hash`, `phone`) VALUES ('175', 'Sabrina', 'Schuppe', 'koch.anya@example.org', '33a7d0607a2632b5c150a6e9d40ad75d532abb9e', '65');
INSERT INTO `users` (`id`, `firstname`, `lastname`, `email`, `password_hash`, `phone`) VALUES ('180', 'Bridie', 'Prohaska', 'braun.shanny@example.org', '94a4d57df0318e83f0a08d4707045324502a085e', '9023499938');
INSERT INTO `users` (`id`, `firstname`, `lastname`, `email`, `password_hash`, `phone`) VALUES ('181', 'Caleigh', 'Schroeder', 'millie.heidenreich@example.org', 'a74bd9ecb9e62bf6838175bee76c4190cf33f0e7', '363564');
INSERT INTO `users` (`id`, `firstname`, `lastname`, `email`, `password_hash`, `phone`) VALUES ('182', 'Angela', 'Cartwright', 'eunice98@example.com', 'b7d650b0582bdb353d8f31d8c94ee49d9b1c8664', '994420');
INSERT INTO `users` (`id`, `firstname`, `lastname`, `email`, `password_hash`, `phone`) VALUES ('185', 'Saul', 'Harber', 'matilda26@example.com', 'ad4522360a2c44790520135d5ace57f7c0660816', '355');
INSERT INTO `users` (`id`, `firstname`, `lastname`, `email`, `password_hash`, `phone`) VALUES ('186', 'Helena', 'Haley', 'moshe85@example.com', 'c93ee31140691713c9607b848585baef44ad4c76', '984139');
INSERT INTO `users` (`id`, `firstname`, `lastname`, `email`, `password_hash`, `phone`) VALUES ('188', 'Elinor', 'Lynch', 'karine40@example.org', '24cca237c350b9685fa0fd27436fcf4fe42eb9ad', '21');
INSERT INTO `users` (`id`, `firstname`, `lastname`, `email`, `password_hash`, `phone`) VALUES ('189', 'Dannie', 'Crist', 'turcotte.royce@example.net', '18d12b32ae71d2be6a388ccbe982ed0c095b35fa', '27');
INSERT INTO `users` (`id`, `firstname`, `lastname`, `email`, `password_hash`, `phone`) VALUES ('190', 'Ewald', 'Wilderman', 'vreynolds@example.net', 'b9e2f1d71c445a33831652b69ee697a96bc60c0b', '662');
INSERT INTO `users` (`id`, `firstname`, `lastname`, `email`, `password_hash`, `phone`) VALUES ('191', 'Daisha', 'Hilpert', 'kuhic.carrie@example.org', '635ea009c487ac2348816b33c325fa53ebba75bf', '841');
INSERT INTO `users` (`id`, `firstname`, `lastname`, `email`, `password_hash`, `phone`) VALUES ('198', 'Alysa', 'Purdy', 'bechtelar.marlene@example.org', 'c49c061264b009e15ea29cda6b9c161d8073a4a1', '4801170315');
INSERT INTO `users` (`id`, `firstname`, `lastname`, `email`, `password_hash`, `phone`) VALUES ('199', 'Isidro', 'White', 'hilpert.linnie@example.org', 'fb975f09b64ca45de2c2d12548d8166e97ace6d4', '974019');
INSERT INTO `users` (`id`, `firstname`, `lastname`, `email`, `password_hash`, `phone`) VALUES ('200', 'Ahmad', 'Heidenreich', 'sister.klocko@example.org', '96c58bf85e77d351bcfd44879dd4d95ba84c4291', '229747');


INSERT INTO `photo_albums` (`id`, `name`, `user_id`) VALUES ('1', 'quo', '101');
INSERT INTO `photo_albums` (`id`, `name`, `user_id`) VALUES ('2', 'mollitia', '102');
INSERT INTO `photo_albums` (`id`, `name`, `user_id`) VALUES ('3', 'iste', '104');
INSERT INTO `photo_albums` (`id`, `name`, `user_id`) VALUES ('4', 'laborum', '105');
INSERT INTO `photo_albums` (`id`, `name`, `user_id`) VALUES ('5', 'quod', '106');
INSERT INTO `photo_albums` (`id`, `name`, `user_id`) VALUES ('6', 'eum', '107');
INSERT INTO `photo_albums` (`id`, `name`, `user_id`) VALUES ('7', 'distinctio', '109');
INSERT INTO `photo_albums` (`id`, `name`, `user_id`) VALUES ('8', 'eos', '110');
INSERT INTO `photo_albums` (`id`, `name`, `user_id`) VALUES ('9', 'iusto', '111');
INSERT INTO `photo_albums` (`id`, `name`, `user_id`) VALUES ('10', 'a', '112');
INSERT INTO `photo_albums` (`id`, `name`, `user_id`) VALUES ('11', 'perferendis', '114');
INSERT INTO `photo_albums` (`id`, `name`, `user_id`) VALUES ('12', 'incidunt', '115');
INSERT INTO `photo_albums` (`id`, `name`, `user_id`) VALUES ('13', 'dolor', '117');
INSERT INTO `photo_albums` (`id`, `name`, `user_id`) VALUES ('14', 'nihil', '118');
INSERT INTO `photo_albums` (`id`, `name`, `user_id`) VALUES ('15', 'nihil', '119');
INSERT INTO `photo_albums` (`id`, `name`, `user_id`) VALUES ('16', 'cupiditate', '121');
INSERT INTO `photo_albums` (`id`, `name`, `user_id`) VALUES ('17', 'exercitationem', '123');
INSERT INTO `photo_albums` (`id`, `name`, `user_id`) VALUES ('18', 'aliquid', '124');
INSERT INTO `photo_albums` (`id`, `name`, `user_id`) VALUES ('19', 'id', '126');
INSERT INTO `photo_albums` (`id`, `name`, `user_id`) VALUES ('20', 'repudiandae', '128');
INSERT INTO `photo_albums` (`id`, `name`, `user_id`) VALUES ('21', 'id', '133');
INSERT INTO `photo_albums` (`id`, `name`, `user_id`) VALUES ('22', 'mollitia', '137');
INSERT INTO `photo_albums` (`id`, `name`, `user_id`) VALUES ('23', 'sunt', '141');
INSERT INTO `photo_albums` (`id`, `name`, `user_id`) VALUES ('24', 'et', '143');
INSERT INTO `photo_albums` (`id`, `name`, `user_id`) VALUES ('25', 'culpa', '144');
INSERT INTO `photo_albums` (`id`, `name`, `user_id`) VALUES ('26', 'mollitia', '148');
INSERT INTO `photo_albums` (`id`, `name`, `user_id`) VALUES ('27', 'facilis', '150');
INSERT INTO `photo_albums` (`id`, `name`, `user_id`) VALUES ('28', 'nihil', '151');
INSERT INTO `photo_albums` (`id`, `name`, `user_id`) VALUES ('29', 'voluptatum', '152');
INSERT INTO `photo_albums` (`id`, `name`, `user_id`) VALUES ('30', 'maxime', '153');
INSERT INTO `photo_albums` (`id`, `name`, `user_id`) VALUES ('31', 'recusandae', '154');
INSERT INTO `photo_albums` (`id`, `name`, `user_id`) VALUES ('32', 'nam', '155');
INSERT INTO `photo_albums` (`id`, `name`, `user_id`) VALUES ('33', 'illo', '157');
INSERT INTO `photo_albums` (`id`, `name`, `user_id`) VALUES ('34', 'iste', '158');
INSERT INTO `photo_albums` (`id`, `name`, `user_id`) VALUES ('35', 'esse', '160');
INSERT INTO `photo_albums` (`id`, `name`, `user_id`) VALUES ('36', 'quo', '161');
INSERT INTO `photo_albums` (`id`, `name`, `user_id`) VALUES ('37', 'facere', '163');
INSERT INTO `photo_albums` (`id`, `name`, `user_id`) VALUES ('38', 'voluptatum', '164');
INSERT INTO `photo_albums` (`id`, `name`, `user_id`) VALUES ('39', 'accusantium', '166');
INSERT INTO `photo_albums` (`id`, `name`, `user_id`) VALUES ('40', 'omnis', '168');
INSERT INTO `photo_albums` (`id`, `name`, `user_id`) VALUES ('41', 'quis', '170');
INSERT INTO `photo_albums` (`id`, `name`, `user_id`) VALUES ('42', 'quis', '172');
INSERT INTO `photo_albums` (`id`, `name`, `user_id`) VALUES ('43', 'excepturi', '175');
INSERT INTO `photo_albums` (`id`, `name`, `user_id`) VALUES ('44', 'maiores', '180');
INSERT INTO `photo_albums` (`id`, `name`, `user_id`) VALUES ('45', 'et', '181');
INSERT INTO `photo_albums` (`id`, `name`, `user_id`) VALUES ('46', 'consequatur', '182');
INSERT INTO `photo_albums` (`id`, `name`, `user_id`) VALUES ('47', 'et', '185');
INSERT INTO `photo_albums` (`id`, `name`, `user_id`) VALUES ('48', 'nihil', '186');
INSERT INTO `photo_albums` (`id`, `name`, `user_id`) VALUES ('49', 'maiores', '188');
INSERT INTO `photo_albums` (`id`, `name`, `user_id`) VALUES ('50', 'totam', '189');
INSERT INTO `photo_albums` (`id`, `name`, `user_id`) VALUES ('51', 'omnis', '190');
INSERT INTO `photo_albums` (`id`, `name`, `user_id`) VALUES ('52', 'hic', '191');
INSERT INTO `photo_albums` (`id`, `name`, `user_id`) VALUES ('53', 'necessitatibus', '198');
INSERT INTO `photo_albums` (`id`, `name`, `user_id`) VALUES ('54', 'error', '199');
INSERT INTO `photo_albums` (`id`, `name`, `user_id`) VALUES ('55', 'deserunt', '200');
INSERT INTO `photo_albums` (`id`, `name`, `user_id`) VALUES ('56', 'quasi', '101');
INSERT INTO `photo_albums` (`id`, `name`, `user_id`) VALUES ('57', 'amet', '102');
INSERT INTO `photo_albums` (`id`, `name`, `user_id`) VALUES ('58', 'aut', '104');
INSERT INTO `photo_albums` (`id`, `name`, `user_id`) VALUES ('59', 'qui', '105');
INSERT INTO `photo_albums` (`id`, `name`, `user_id`) VALUES ('60', 'mollitia', '106');
INSERT INTO `photo_albums` (`id`, `name`, `user_id`) VALUES ('61', 'voluptatem', '107');
INSERT INTO `photo_albums` (`id`, `name`, `user_id`) VALUES ('62', 'autem', '109');
INSERT INTO `photo_albums` (`id`, `name`, `user_id`) VALUES ('63', 'numquam', '110');
INSERT INTO `photo_albums` (`id`, `name`, `user_id`) VALUES ('64', 'quo', '111');
INSERT INTO `photo_albums` (`id`, `name`, `user_id`) VALUES ('65', 'quo', '112');
INSERT INTO `photo_albums` (`id`, `name`, `user_id`) VALUES ('66', 'cumque', '114');
INSERT INTO `photo_albums` (`id`, `name`, `user_id`) VALUES ('67', 'dicta', '115');
INSERT INTO `photo_albums` (`id`, `name`, `user_id`) VALUES ('68', 'voluptate', '117');
INSERT INTO `photo_albums` (`id`, `name`, `user_id`) VALUES ('69', 'ex', '118');
INSERT INTO `photo_albums` (`id`, `name`, `user_id`) VALUES ('70', 'ut', '119');
INSERT INTO `photo_albums` (`id`, `name`, `user_id`) VALUES ('71', 'harum', '121');
INSERT INTO `photo_albums` (`id`, `name`, `user_id`) VALUES ('72', 'rerum', '123');
INSERT INTO `photo_albums` (`id`, `name`, `user_id`) VALUES ('73', 'ut', '124');
INSERT INTO `photo_albums` (`id`, `name`, `user_id`) VALUES ('74', 'provident', '126');
INSERT INTO `photo_albums` (`id`, `name`, `user_id`) VALUES ('75', 'laboriosam', '128');
INSERT INTO `photo_albums` (`id`, `name`, `user_id`) VALUES ('76', 'id', '133');
INSERT INTO `photo_albums` (`id`, `name`, `user_id`) VALUES ('77', 'et', '137');
INSERT INTO `photo_albums` (`id`, `name`, `user_id`) VALUES ('78', 'amet', '141');
INSERT INTO `photo_albums` (`id`, `name`, `user_id`) VALUES ('79', 'eligendi', '143');
INSERT INTO `photo_albums` (`id`, `name`, `user_id`) VALUES ('80', 'ut', '144');
INSERT INTO `photo_albums` (`id`, `name`, `user_id`) VALUES ('81', 'perferendis', '148');
INSERT INTO `photo_albums` (`id`, `name`, `user_id`) VALUES ('82', 'voluptas', '150');
INSERT INTO `photo_albums` (`id`, `name`, `user_id`) VALUES ('83', 'velit', '151');
INSERT INTO `photo_albums` (`id`, `name`, `user_id`) VALUES ('84', 'nam', '152');
INSERT INTO `photo_albums` (`id`, `name`, `user_id`) VALUES ('85', 'ipsum', '153');
INSERT INTO `photo_albums` (`id`, `name`, `user_id`) VALUES ('86', 'provident', '154');
INSERT INTO `photo_albums` (`id`, `name`, `user_id`) VALUES ('87', 'iste', '155');
INSERT INTO `photo_albums` (`id`, `name`, `user_id`) VALUES ('88', 'modi', '157');
INSERT INTO `photo_albums` (`id`, `name`, `user_id`) VALUES ('89', 'provident', '158');
INSERT INTO `photo_albums` (`id`, `name`, `user_id`) VALUES ('90', 'dolor', '160');
INSERT INTO `photo_albums` (`id`, `name`, `user_id`) VALUES ('91', 'vel', '161');
INSERT INTO `photo_albums` (`id`, `name`, `user_id`) VALUES ('92', 'vel', '163');
INSERT INTO `photo_albums` (`id`, `name`, `user_id`) VALUES ('93', 'nostrum', '164');
INSERT INTO `photo_albums` (`id`, `name`, `user_id`) VALUES ('94', 'placeat', '166');
INSERT INTO `photo_albums` (`id`, `name`, `user_id`) VALUES ('95', 'veritatis', '168');
INSERT INTO `photo_albums` (`id`, `name`, `user_id`) VALUES ('96', 'deserunt', '170');
INSERT INTO `photo_albums` (`id`, `name`, `user_id`) VALUES ('97', 'maxime', '172');
INSERT INTO `photo_albums` (`id`, `name`, `user_id`) VALUES ('98', 'sit', '175');
INSERT INTO `photo_albums` (`id`, `name`, `user_id`) VALUES ('99', 'nostrum', '180');
INSERT INTO `photo_albums` (`id`, `name`, `user_id`) VALUES ('100', 'incidunt', '181');


INSERT INTO `profiles` (`user_id`, `gender`, `birthday`, `photo_id`, `created_at`, `hometown`) VALUES ('101', 'M', '2020-08-07', '1', '2016-06-24 10:53:46', 'Arizona');
INSERT INTO `profiles` (`user_id`, `gender`, `birthday`, `photo_id`, `created_at`, `hometown`) VALUES ('102', 'M', '2011-08-09', '2', '1978-06-14 16:47:42', 'Colorado');
INSERT INTO `profiles` (`user_id`, `gender`, `birthday`, `photo_id`, `created_at`, `hometown`) VALUES ('104', 'M', '1975-10-27', '3', '2016-07-22 20:29:52', 'Ohio');
INSERT INTO `profiles` (`user_id`, `gender`, `birthday`, `photo_id`, `created_at`, `hometown`) VALUES ('105', 'D', '1979-12-05', '4', '1974-01-19 14:49:48', 'Michigan');
INSERT INTO `profiles` (`user_id`, `gender`, `birthday`, `photo_id`, `created_at`, `hometown`) VALUES ('106', 'D', '2009-05-05', '5', '1998-08-25 12:57:08', 'Wyoming');
INSERT INTO `profiles` (`user_id`, `gender`, `birthday`, `photo_id`, `created_at`, `hometown`) VALUES ('107', 'M', '1998-10-11', '6', '1993-09-04 12:00:06', 'Missouri');
INSERT INTO `profiles` (`user_id`, `gender`, `birthday`, `photo_id`, `created_at`, `hometown`) VALUES ('109', 'D', '1995-04-23', '7', '1993-05-07 06:56:18', 'Nevada');
INSERT INTO `profiles` (`user_id`, `gender`, `birthday`, `photo_id`, `created_at`, `hometown`) VALUES ('110', 'D', '2016-06-11', '8', '2005-10-03 13:47:52', 'Idaho');
INSERT INTO `profiles` (`user_id`, `gender`, `birthday`, `photo_id`, `created_at`, `hometown`) VALUES ('111', 'P', '2006-12-28', '9', '1991-04-21 00:58:08', 'Mississippi');
INSERT INTO `profiles` (`user_id`, `gender`, `birthday`, `photo_id`, `created_at`, `hometown`) VALUES ('112', 'M', '2006-01-19', '10', '1985-12-15 22:04:50', 'Tennessee');
INSERT INTO `profiles` (`user_id`, `gender`, `birthday`, `photo_id`, `created_at`, `hometown`) VALUES ('114', 'D', '2021-03-13', '11', '2015-11-05 15:59:26', 'Nevada');
INSERT INTO `profiles` (`user_id`, `gender`, `birthday`, `photo_id`, `created_at`, `hometown`) VALUES ('115', 'P', '1994-10-10', '12', '1995-05-25 16:14:41', 'Alaska');
INSERT INTO `profiles` (`user_id`, `gender`, `birthday`, `photo_id`, `created_at`, `hometown`) VALUES ('117', 'D', '1995-05-09', '13', '2012-08-16 14:02:35', 'Connecticut');
INSERT INTO `profiles` (`user_id`, `gender`, `birthday`, `photo_id`, `created_at`, `hometown`) VALUES ('118', 'D', '2000-07-13', '14', '2020-06-15 18:26:05', 'NewMexico');
INSERT INTO `profiles` (`user_id`, `gender`, `birthday`, `photo_id`, `created_at`, `hometown`) VALUES ('119', 'M', '1983-04-25', '15', '1994-02-26 10:47:44', 'SouthCarolina');
INSERT INTO `profiles` (`user_id`, `gender`, `birthday`, `photo_id`, `created_at`, `hometown`) VALUES ('121', 'M', '2015-06-15', '16', '2014-12-08 03:00:11', 'Maryland');
INSERT INTO `profiles` (`user_id`, `gender`, `birthday`, `photo_id`, `created_at`, `hometown`) VALUES ('123', 'M', '2006-06-25', '17', '1997-10-30 19:17:06', 'NorthCarolina');
INSERT INTO `profiles` (`user_id`, `gender`, `birthday`, `photo_id`, `created_at`, `hometown`) VALUES ('124', 'D', '1996-09-23', '18', '2010-10-06 13:05:35', 'NewHampshire');
INSERT INTO `profiles` (`user_id`, `gender`, `birthday`, `photo_id`, `created_at`, `hometown`) VALUES ('126', 'M', '2015-08-08', '19', '2009-10-01 00:51:24', 'Colorado');
INSERT INTO `profiles` (`user_id`, `gender`, `birthday`, `photo_id`, `created_at`, `hometown`) VALUES ('128', 'M', '2008-05-13', '20', '2013-04-28 00:16:42', 'SouthCarolina');
INSERT INTO `profiles` (`user_id`, `gender`, `birthday`, `photo_id`, `created_at`, `hometown`) VALUES ('133', 'M', '1996-06-18', '21', '1984-10-01 00:19:12', 'Utah');
INSERT INTO `profiles` (`user_id`, `gender`, `birthday`, `photo_id`, `created_at`, `hometown`) VALUES ('137', 'M', '1978-12-27', '22', '1978-05-27 20:00:54', 'Wisconsin');
INSERT INTO `profiles` (`user_id`, `gender`, `birthday`, `photo_id`, `created_at`, `hometown`) VALUES ('141', 'D', '2007-03-06', '23', '2020-12-17 23:52:58', 'Wisconsin');
INSERT INTO `profiles` (`user_id`, `gender`, `birthday`, `photo_id`, `created_at`, `hometown`) VALUES ('143', 'M', '2001-09-25', '24', '2018-01-30 06:40:52', 'Connecticut');
INSERT INTO `profiles` (`user_id`, `gender`, `birthday`, `photo_id`, `created_at`, `hometown`) VALUES ('144', 'M', '1981-11-18', '25', '2005-04-29 05:24:43', 'NorthCarolina');
INSERT INTO `profiles` (`user_id`, `gender`, `birthday`, `photo_id`, `created_at`, `hometown`) VALUES ('148', 'M', '1975-02-28', '26', '1995-09-27 16:00:51', 'Delaware');
INSERT INTO `profiles` (`user_id`, `gender`, `birthday`, `photo_id`, `created_at`, `hometown`) VALUES ('150', 'M', '2013-07-03', '27', '1973-05-18 09:41:17', 'Virginia');
INSERT INTO `profiles` (`user_id`, `gender`, `birthday`, `photo_id`, `created_at`, `hometown`) VALUES ('151', 'D', '1989-03-04', '28', '2014-07-05 00:41:07', 'Texas');
INSERT INTO `profiles` (`user_id`, `gender`, `birthday`, `photo_id`, `created_at`, `hometown`) VALUES ('152', 'D', '1996-02-27', '29', '2005-04-12 03:42:16', 'NewHampshire');
INSERT INTO `profiles` (`user_id`, `gender`, `birthday`, `photo_id`, `created_at`, `hometown`) VALUES ('153', 'M', '1988-04-20', '30', '2017-06-21 21:31:17', 'Wyoming');
INSERT INTO `profiles` (`user_id`, `gender`, `birthday`, `photo_id`, `created_at`, `hometown`) VALUES ('154', 'M', '2000-03-11', '31', '1985-09-08 12:02:13', 'Utah');
INSERT INTO `profiles` (`user_id`, `gender`, `birthday`, `photo_id`, `created_at`, `hometown`) VALUES ('155', 'P', '1988-06-20', '32', '2013-01-13 22:07:43', 'Nebraska');
INSERT INTO `profiles` (`user_id`, `gender`, `birthday`, `photo_id`, `created_at`, `hometown`) VALUES ('157', 'P', '2007-01-06', '33', '1973-02-21 06:28:29', 'Vermont');
INSERT INTO `profiles` (`user_id`, `gender`, `birthday`, `photo_id`, `created_at`, `hometown`) VALUES ('158', 'M', '1975-01-12', '34', '2017-07-01 12:39:00', 'SouthDakota');
INSERT INTO `profiles` (`user_id`, `gender`, `birthday`, `photo_id`, `created_at`, `hometown`) VALUES ('160', 'P', '2003-11-10', '35', '2006-08-05 11:54:18', 'Nevada');
INSERT INTO `profiles` (`user_id`, `gender`, `birthday`, `photo_id`, `created_at`, `hometown`) VALUES ('161', 'D', '1981-12-30', '36', '2011-03-28 09:32:19', 'Georgia');
INSERT INTO `profiles` (`user_id`, `gender`, `birthday`, `photo_id`, `created_at`, `hometown`) VALUES ('163', 'D', '1970-04-14', '37', '2021-05-02 07:00:31', 'RhodeIsland');
INSERT INTO `profiles` (`user_id`, `gender`, `birthday`, `photo_id`, `created_at`, `hometown`) VALUES ('164', 'M', '2016-01-13', '38', '1978-09-10 05:41:58', 'Washington');
INSERT INTO `profiles` (`user_id`, `gender`, `birthday`, `photo_id`, `created_at`, `hometown`) VALUES ('166', 'M', '1974-07-03', '39', '1992-11-23 10:05:51', 'Delaware');
INSERT INTO `profiles` (`user_id`, `gender`, `birthday`, `photo_id`, `created_at`, `hometown`) VALUES ('168', 'P', '1973-07-13', '40', '2006-09-05 11:27:28', 'Florida');
INSERT INTO `profiles` (`user_id`, `gender`, `birthday`, `photo_id`, `created_at`, `hometown`) VALUES ('170', 'M', '2001-01-02', '41', '2014-06-06 23:27:13', 'Arizona');
INSERT INTO `profiles` (`user_id`, `gender`, `birthday`, `photo_id`, `created_at`, `hometown`) VALUES ('172', 'M', '1994-12-29', '42', '2021-04-21 07:40:34', 'Texas');
INSERT INTO `profiles` (`user_id`, `gender`, `birthday`, `photo_id`, `created_at`, `hometown`) VALUES ('175', 'P', '1998-11-20', '43', '2010-06-07 06:50:08', 'NewYork');
INSERT INTO `profiles` (`user_id`, `gender`, `birthday`, `photo_id`, `created_at`, `hometown`) VALUES ('180', 'M', '1996-03-05', '44', '1972-06-07 12:31:40', 'Georgia');
INSERT INTO `profiles` (`user_id`, `gender`, `birthday`, `photo_id`, `created_at`, `hometown`) VALUES ('181', 'P', '1983-09-04', '45', '1985-01-15 01:01:32', 'District of Columbia');
INSERT INTO `profiles` (`user_id`, `gender`, `birthday`, `photo_id`, `created_at`, `hometown`) VALUES ('182', 'M', '1980-09-25', '46', '2008-09-29 17:12:37', 'Michigan');
INSERT INTO `profiles` (`user_id`, `gender`, `birthday`, `photo_id`, `created_at`, `hometown`) VALUES ('185', 'D', '1998-06-18', '47', '2009-02-08 17:32:48', 'Nebraska');
INSERT INTO `profiles` (`user_id`, `gender`, `birthday`, `photo_id`, `created_at`, `hometown`) VALUES ('186', 'P', '1993-08-22', '48', '1971-02-28 16:48:36', 'Mississippi');
INSERT INTO `profiles` (`user_id`, `gender`, `birthday`, `photo_id`, `created_at`, `hometown`) VALUES ('188', 'M', '2015-03-13', '49', '1999-11-15 00:35:30', 'Illinois');
INSERT INTO `profiles` (`user_id`, `gender`, `birthday`, `photo_id`, `created_at`, `hometown`) VALUES ('189', 'M', '1974-07-19', '50', '1975-04-20 01:57:50', 'SouthDakota');
INSERT INTO `profiles` (`user_id`, `gender`, `birthday`, `photo_id`, `created_at`, `hometown`) VALUES ('190', 'D', '2009-07-18', '51', '2009-02-15 22:41:33', 'Oregon');
INSERT INTO `profiles` (`user_id`, `gender`, `birthday`, `photo_id`, `created_at`, `hometown`) VALUES ('191', 'P', '2015-12-07', '52', '2000-09-29 13:50:43', 'NewHampshire');
INSERT INTO `profiles` (`user_id`, `gender`, `birthday`, `photo_id`, `created_at`, `hometown`) VALUES ('198', 'D', '2012-12-24', '53', '2005-07-15 11:19:20', 'District of Columbia');
INSERT INTO `profiles` (`user_id`, `gender`, `birthday`, `photo_id`, `created_at`, `hometown`) VALUES ('199', 'P', '1993-09-29', '54', '1977-12-18 05:33:54', 'Connecticut');
INSERT INTO `profiles` (`user_id`, `gender`, `birthday`, `photo_id`, `created_at`, `hometown`) VALUES ('200', 'M', '2018-06-23', '55', '1976-08-16 23:00:10', 'Virginia');


INSERT INTO `messages` (`id`, `from_user_id`, `to_user_id`, `body`, `created_at`) VALUES ('1', '101', '101', 'Adipisci sint corrupti quasi dolore eveniet aspernatur incidunt laudantium.', '2011-06-23 06:28:43');
INSERT INTO `messages` (`id`, `from_user_id`, `to_user_id`, `body`, `created_at`) VALUES ('2', '102', '102', 'Iste omnis eaque reiciendis consequatur nesciunt molestias odio sunt.', '1984-05-22 22:32:12');
INSERT INTO `messages` (`id`, `from_user_id`, `to_user_id`, `body`, `created_at`) VALUES ('3', '104', '104', 'Velit rerum omnis quis est voluptas iste.', '2004-09-03 03:13:48');
INSERT INTO `messages` (`id`, `from_user_id`, `to_user_id`, `body`, `created_at`) VALUES ('4', '105', '105', 'Nemo voluptatem deserunt et quia.', '1993-03-09 16:25:24');
INSERT INTO `messages` (`id`, `from_user_id`, `to_user_id`, `body`, `created_at`) VALUES ('5', '106', '106', 'Unde rerum facilis mollitia.', '1997-02-09 02:41:57');
INSERT INTO `messages` (`id`, `from_user_id`, `to_user_id`, `body`, `created_at`) VALUES ('6', '107', '107', 'Illum fugit accusamus non magnam corrupti totam tempora.', '1971-07-25 07:12:10');
INSERT INTO `messages` (`id`, `from_user_id`, `to_user_id`, `body`, `created_at`) VALUES ('7', '109', '109', 'Ea eveniet corporis qui nulla provident quam.', '1985-11-27 23:07:28');
INSERT INTO `messages` (`id`, `from_user_id`, `to_user_id`, `body`, `created_at`) VALUES ('8', '110', '110', 'Non autem et commodi ut ipsum voluptatem perferendis.', '1978-05-25 07:24:45');
INSERT INTO `messages` (`id`, `from_user_id`, `to_user_id`, `body`, `created_at`) VALUES ('9', '111', '111', 'Aperiam dolor sint dolores iusto.', '1991-12-24 13:13:36');
INSERT INTO `messages` (`id`, `from_user_id`, `to_user_id`, `body`, `created_at`) VALUES ('10', '112', '112', 'Dolor ut sint dolorum.', '2009-05-16 17:04:20');
INSERT INTO `messages` (`id`, `from_user_id`, `to_user_id`, `body`, `created_at`) VALUES ('11', '114', '114', 'Cumque quam quia expedita neque.', '2001-11-12 11:35:28');
INSERT INTO `messages` (`id`, `from_user_id`, `to_user_id`, `body`, `created_at`) VALUES ('12', '115', '115', 'Enim quos a nihil quos eum ab dolor.', '1993-12-27 02:47:09');
INSERT INTO `messages` (`id`, `from_user_id`, `to_user_id`, `body`, `created_at`) VALUES ('13', '117', '117', 'Veritatis ratione et assumenda enim dolores.', '2014-08-15 20:12:56');
INSERT INTO `messages` (`id`, `from_user_id`, `to_user_id`, `body`, `created_at`) VALUES ('14', '118', '118', 'Soluta laboriosam aperiam eligendi eveniet saepe ipsam et.', '2009-10-04 01:20:45');
INSERT INTO `messages` (`id`, `from_user_id`, `to_user_id`, `body`, `created_at`) VALUES ('15', '119', '119', 'Voluptatibus eum aperiam blanditiis est.', '1983-01-01 22:28:51');
INSERT INTO `messages` (`id`, `from_user_id`, `to_user_id`, `body`, `created_at`) VALUES ('16', '121', '121', 'Ut explicabo quis quo sed vel quod omnis laborum.', '2016-03-01 16:10:03');
INSERT INTO `messages` (`id`, `from_user_id`, `to_user_id`, `body`, `created_at`) VALUES ('17', '123', '123', 'Deserunt aut quia est ut odit odio velit.', '2005-11-24 18:40:37');
INSERT INTO `messages` (`id`, `from_user_id`, `to_user_id`, `body`, `created_at`) VALUES ('18', '124', '124', 'Est ut dolores laborum error.', '1972-01-22 15:52:48');
INSERT INTO `messages` (`id`, `from_user_id`, `to_user_id`, `body`, `created_at`) VALUES ('19', '126', '126', 'Illum eveniet architecto et dolorem qui non.', '1975-06-02 20:59:24');
INSERT INTO `messages` (`id`, `from_user_id`, `to_user_id`, `body`, `created_at`) VALUES ('20', '128', '128', 'Quaerat assumenda ad officiis sed ex perspiciatis odit.', '2002-05-28 20:47:20');
INSERT INTO `messages` (`id`, `from_user_id`, `to_user_id`, `body`, `created_at`) VALUES ('21', '133', '133', 'Non est consequuntur quos explicabo.', '2020-01-26 00:56:40');
INSERT INTO `messages` (`id`, `from_user_id`, `to_user_id`, `body`, `created_at`) VALUES ('22', '137', '137', 'Eligendi nesciunt molestiae qui dolorem adipisci porro.', '2010-07-31 02:50:39');
INSERT INTO `messages` (`id`, `from_user_id`, `to_user_id`, `body`, `created_at`) VALUES ('23', '141', '141', 'Rem ducimus nam officiis dolor.', '2005-04-04 03:35:07');
INSERT INTO `messages` (`id`, `from_user_id`, `to_user_id`, `body`, `created_at`) VALUES ('24', '143', '143', 'Aspernatur ab rerum ipsum et debitis ut.', '1992-11-08 02:44:54');
INSERT INTO `messages` (`id`, `from_user_id`, `to_user_id`, `body`, `created_at`) VALUES ('25', '144', '144', 'Natus minima quos qui ut autem quas quod.', '2003-10-19 19:34:59');
INSERT INTO `messages` (`id`, `from_user_id`, `to_user_id`, `body`, `created_at`) VALUES ('26', '148', '148', 'Omnis saepe qui commodi in.', '1986-03-12 12:14:24');
INSERT INTO `messages` (`id`, `from_user_id`, `to_user_id`, `body`, `created_at`) VALUES ('27', '150', '150', 'Praesentium voluptas exercitationem rerum ut quo.', '1992-02-22 08:55:50');
INSERT INTO `messages` (`id`, `from_user_id`, `to_user_id`, `body`, `created_at`) VALUES ('28', '151', '151', 'Veritatis voluptatum voluptate deserunt et sit voluptate.', '2010-04-27 14:48:42');
INSERT INTO `messages` (`id`, `from_user_id`, `to_user_id`, `body`, `created_at`) VALUES ('29', '152', '152', 'Minima sed facilis qui quaerat sed.', '2005-04-16 22:34:48');
INSERT INTO `messages` (`id`, `from_user_id`, `to_user_id`, `body`, `created_at`) VALUES ('30', '153', '153', 'Similique eos ut sint quod alias.', '1998-05-02 11:44:08');
INSERT INTO `messages` (`id`, `from_user_id`, `to_user_id`, `body`, `created_at`) VALUES ('31', '154', '154', 'Harum ipsum voluptas sit suscipit.', '2008-08-23 19:14:27');
INSERT INTO `messages` (`id`, `from_user_id`, `to_user_id`, `body`, `created_at`) VALUES ('32', '155', '155', 'Itaque aperiam corrupti voluptas est et et.', '2014-08-15 18:00:42');
INSERT INTO `messages` (`id`, `from_user_id`, `to_user_id`, `body`, `created_at`) VALUES ('33', '157', '157', 'Cum molestias nihil tempore explicabo commodi nisi.', '2005-09-16 23:06:24');
INSERT INTO `messages` (`id`, `from_user_id`, `to_user_id`, `body`, `created_at`) VALUES ('34', '158', '158', 'Enim soluta iste sunt.', '2015-10-02 10:54:43');
INSERT INTO `messages` (`id`, `from_user_id`, `to_user_id`, `body`, `created_at`) VALUES ('35', '160', '160', 'Et optio et eius non eum.', '1973-07-09 16:06:33');
INSERT INTO `messages` (`id`, `from_user_id`, `to_user_id`, `body`, `created_at`) VALUES ('36', '161', '161', 'Debitis cum est minima est qui autem quia.', '1976-09-25 21:00:12');
INSERT INTO `messages` (`id`, `from_user_id`, `to_user_id`, `body`, `created_at`) VALUES ('37', '163', '163', 'Officia animi dolorum reiciendis error nemo qui rerum accusantium.', '1988-03-13 11:49:56');
INSERT INTO `messages` (`id`, `from_user_id`, `to_user_id`, `body`, `created_at`) VALUES ('38', '164', '164', 'Nihil consequatur velit amet.', '1982-02-22 09:59:18');
INSERT INTO `messages` (`id`, `from_user_id`, `to_user_id`, `body`, `created_at`) VALUES ('39', '166', '166', 'Repellat rerum voluptatem sit et.', '1974-11-02 14:06:43');
INSERT INTO `messages` (`id`, `from_user_id`, `to_user_id`, `body`, `created_at`) VALUES ('40', '168', '168', 'Ut sed possimus error sunt ipsum repellat.', '2019-01-18 10:59:56');
INSERT INTO `messages` (`id`, `from_user_id`, `to_user_id`, `body`, `created_at`) VALUES ('41', '170', '170', 'Omnis non temporibus deserunt blanditiis mollitia atque.', '1988-05-30 18:48:27');
INSERT INTO `messages` (`id`, `from_user_id`, `to_user_id`, `body`, `created_at`) VALUES ('42', '172', '172', 'Et et et eum est sint molestiae ipsa.', '1988-02-02 08:33:09');
INSERT INTO `messages` (`id`, `from_user_id`, `to_user_id`, `body`, `created_at`) VALUES ('43', '175', '175', 'Perspiciatis qui aut sint maxime dolorem distinctio illum.', '2013-05-09 05:19:19');
INSERT INTO `messages` (`id`, `from_user_id`, `to_user_id`, `body`, `created_at`) VALUES ('44', '180', '180', 'Non perferendis aliquam omnis aperiam quas.', '2001-05-24 02:18:32');
INSERT INTO `messages` (`id`, `from_user_id`, `to_user_id`, `body`, `created_at`) VALUES ('45', '181', '181', 'Non nam quasi perferendis dolore facilis.', '1973-04-30 19:16:08');
INSERT INTO `messages` (`id`, `from_user_id`, `to_user_id`, `body`, `created_at`) VALUES ('46', '182', '182', 'Dolor qui dolor explicabo temporibus.', '1979-06-26 12:14:12');
INSERT INTO `messages` (`id`, `from_user_id`, `to_user_id`, `body`, `created_at`) VALUES ('47', '185', '185', 'Rerum optio dolores sit est.', '2008-03-25 02:33:15');
INSERT INTO `messages` (`id`, `from_user_id`, `to_user_id`, `body`, `created_at`) VALUES ('48', '186', '186', 'Consequatur velit inventore ut voluptatem repudiandae totam dolor.', '2010-12-10 20:06:50');
INSERT INTO `messages` (`id`, `from_user_id`, `to_user_id`, `body`, `created_at`) VALUES ('49', '188', '188', 'Dolores velit delectus dolor aut autem.', '1977-04-14 18:47:07');
INSERT INTO `messages` (`id`, `from_user_id`, `to_user_id`, `body`, `created_at`) VALUES ('50', '189', '189', 'Dolores ipsa odit numquam adipisci.', '2017-09-01 03:59:41');
INSERT INTO `messages` (`id`, `from_user_id`, `to_user_id`, `body`, `created_at`) VALUES ('51', '190', '190', 'Sunt quae eos consectetur illum blanditiis nemo et.', '2011-12-01 05:24:45');
INSERT INTO `messages` (`id`, `from_user_id`, `to_user_id`, `body`, `created_at`) VALUES ('52', '191', '191', 'Voluptatum cumque cumque iusto et quia perspiciatis.', '2014-01-13 07:20:26');
INSERT INTO `messages` (`id`, `from_user_id`, `to_user_id`, `body`, `created_at`) VALUES ('53', '198', '198', 'Incidunt ab laboriosam accusantium voluptas.', '2006-11-14 00:49:18');
INSERT INTO `messages` (`id`, `from_user_id`, `to_user_id`, `body`, `created_at`) VALUES ('54', '199', '199', 'Mollitia tempore accusantium nulla dolorem voluptatem veritatis.', '2017-11-12 06:21:11');
INSERT INTO `messages` (`id`, `from_user_id`, `to_user_id`, `body`, `created_at`) VALUES ('55', '200', '200', 'Voluptatem repellendus voluptatem est et aliquam commodi nostrum hic.', '1988-02-09 04:23:51');
INSERT INTO `messages` (`id`, `from_user_id`, `to_user_id`, `body`, `created_at`) VALUES ('56', '101', '101', 'Aliquid at sint quia dolorem et voluptatem.', '1984-10-16 22:42:45');
INSERT INTO `messages` (`id`, `from_user_id`, `to_user_id`, `body`, `created_at`) VALUES ('57', '102', '102', 'Ut molestias molestiae ut aut nulla incidunt nesciunt.', '2015-05-26 01:39:13');
INSERT INTO `messages` (`id`, `from_user_id`, `to_user_id`, `body`, `created_at`) VALUES ('58', '104', '104', 'Repellendus aliquid vitae omnis ipsa qui.', '2011-12-31 09:46:55');
INSERT INTO `messages` (`id`, `from_user_id`, `to_user_id`, `body`, `created_at`) VALUES ('59', '105', '105', 'Voluptates quia sint maiores nobis laborum asperiores hic.', '1975-08-14 18:04:27');
INSERT INTO `messages` (`id`, `from_user_id`, `to_user_id`, `body`, `created_at`) VALUES ('60', '106', '106', 'Et ducimus ea adipisci corrupti distinctio quibusdam.', '1970-01-27 22:57:42');
INSERT INTO `messages` (`id`, `from_user_id`, `to_user_id`, `body`, `created_at`) VALUES ('61', '107', '107', 'Dolores eaque odit mollitia et consequatur ex sint.', '2015-04-18 03:34:37');
INSERT INTO `messages` (`id`, `from_user_id`, `to_user_id`, `body`, `created_at`) VALUES ('62', '109', '109', 'Eius architecto ex nostrum eum laboriosam illo.', '1976-10-05 16:47:46');
INSERT INTO `messages` (`id`, `from_user_id`, `to_user_id`, `body`, `created_at`) VALUES ('63', '110', '110', 'Dicta est et molestiae ullam velit ut ea.', '2016-04-02 15:51:00');
INSERT INTO `messages` (`id`, `from_user_id`, `to_user_id`, `body`, `created_at`) VALUES ('64', '111', '111', 'Voluptas illum harum nisi dicta sit molestias ab.', '1996-09-06 02:12:31');
INSERT INTO `messages` (`id`, `from_user_id`, `to_user_id`, `body`, `created_at`) VALUES ('65', '112', '112', 'Sequi deserunt ipsum dolor quis maiores itaque.', '2019-02-26 21:22:49');
INSERT INTO `messages` (`id`, `from_user_id`, `to_user_id`, `body`, `created_at`) VALUES ('66', '114', '114', 'Perspiciatis dolor tempora doloribus laudantium eum facere.', '2016-05-20 06:59:34');
INSERT INTO `messages` (`id`, `from_user_id`, `to_user_id`, `body`, `created_at`) VALUES ('67', '115', '115', 'Enim esse maxime fugit dolor labore.', '1971-05-16 07:53:06');
INSERT INTO `messages` (`id`, `from_user_id`, `to_user_id`, `body`, `created_at`) VALUES ('68', '117', '117', 'Rem error velit at et.', '1985-03-22 17:35:14');
INSERT INTO `messages` (`id`, `from_user_id`, `to_user_id`, `body`, `created_at`) VALUES ('69', '118', '118', 'Sequi quia qui recusandae non ut maiores aut sed.', '2013-03-13 18:38:20');
INSERT INTO `messages` (`id`, `from_user_id`, `to_user_id`, `body`, `created_at`) VALUES ('70', '119', '119', 'Officiis voluptatem corrupti earum qui est.', '2021-02-04 09:20:59');
INSERT INTO `messages` (`id`, `from_user_id`, `to_user_id`, `body`, `created_at`) VALUES ('71', '121', '121', 'Modi doloribus sint quam culpa dolores.', '1993-03-24 10:55:45');
INSERT INTO `messages` (`id`, `from_user_id`, `to_user_id`, `body`, `created_at`) VALUES ('72', '123', '123', 'Est necessitatibus quaerat iure inventore.', '2000-08-26 05:39:41');
INSERT INTO `messages` (`id`, `from_user_id`, `to_user_id`, `body`, `created_at`) VALUES ('73', '124', '124', 'Ut voluptas fugiat eum doloribus ut ad voluptatem.', '1983-08-30 02:16:51');
INSERT INTO `messages` (`id`, `from_user_id`, `to_user_id`, `body`, `created_at`) VALUES ('74', '126', '126', 'Perferendis voluptate voluptas maxime qui laboriosam nam.', '1999-02-27 11:00:48');
INSERT INTO `messages` (`id`, `from_user_id`, `to_user_id`, `body`, `created_at`) VALUES ('75', '128', '128', 'Quia similique eaque qui inventore reprehenderit iusto.', '1986-06-25 07:30:37');
INSERT INTO `messages` (`id`, `from_user_id`, `to_user_id`, `body`, `created_at`) VALUES ('76', '133', '133', 'At beatae ea magni rerum quam consequatur.', '2010-02-05 15:19:31');
INSERT INTO `messages` (`id`, `from_user_id`, `to_user_id`, `body`, `created_at`) VALUES ('77', '137', '137', 'Explicabo culpa debitis dignissimos consectetur nam autem.', '2017-09-04 23:36:30');
INSERT INTO `messages` (`id`, `from_user_id`, `to_user_id`, `body`, `created_at`) VALUES ('78', '141', '141', 'Illum delectus earum sit.', '1978-12-31 15:21:50');
INSERT INTO `messages` (`id`, `from_user_id`, `to_user_id`, `body`, `created_at`) VALUES ('79', '143', '143', 'Deserunt nihil qui a.', '2007-12-21 00:10:14');
INSERT INTO `messages` (`id`, `from_user_id`, `to_user_id`, `body`, `created_at`) VALUES ('80', '144', '144', 'Laudantium fugit facilis voluptatem et nesciunt est ratione enim.', '2011-07-10 18:24:50');
INSERT INTO `messages` (`id`, `from_user_id`, `to_user_id`, `body`, `created_at`) VALUES ('81', '148', '148', 'Dolorum voluptatibus perspiciatis voluptatem aspernatur.', '1991-04-24 01:33:04');
INSERT INTO `messages` (`id`, `from_user_id`, `to_user_id`, `body`, `created_at`) VALUES ('82', '150', '150', 'Nulla molestias voluptatum est praesentium.', '2002-11-04 04:12:45');
INSERT INTO `messages` (`id`, `from_user_id`, `to_user_id`, `body`, `created_at`) VALUES ('83', '151', '151', 'Eius voluptatum aperiam sunt delectus ad.', '2004-10-20 03:00:34');
INSERT INTO `messages` (`id`, `from_user_id`, `to_user_id`, `body`, `created_at`) VALUES ('84', '152', '152', 'Facere modi eligendi non nulla sunt nostrum porro.', '2011-08-22 17:41:20');
INSERT INTO `messages` (`id`, `from_user_id`, `to_user_id`, `body`, `created_at`) VALUES ('85', '153', '153', 'Omnis commodi et voluptate facilis.', '1983-06-04 21:51:14');
INSERT INTO `messages` (`id`, `from_user_id`, `to_user_id`, `body`, `created_at`) VALUES ('86', '154', '154', 'Voluptas magnam repellendus est fugit voluptatem culpa veniam in.', '1988-08-03 06:50:26');
INSERT INTO `messages` (`id`, `from_user_id`, `to_user_id`, `body`, `created_at`) VALUES ('87', '155', '155', 'Nam odio eius sunt non.', '2019-02-10 08:11:54');
INSERT INTO `messages` (`id`, `from_user_id`, `to_user_id`, `body`, `created_at`) VALUES ('88', '157', '157', 'Magnam est officiis recusandae eveniet tempora fugiat.', '2017-03-26 12:33:16');
INSERT INTO `messages` (`id`, `from_user_id`, `to_user_id`, `body`, `created_at`) VALUES ('89', '158', '158', 'Vitae ea quia delectus et.', '2000-12-22 18:57:42');
INSERT INTO `messages` (`id`, `from_user_id`, `to_user_id`, `body`, `created_at`) VALUES ('90', '160', '160', 'Molestias amet nihil qui est debitis.', '2017-09-28 02:09:13');
INSERT INTO `messages` (`id`, `from_user_id`, `to_user_id`, `body`, `created_at`) VALUES ('91', '161', '161', 'Possimus consequatur quae repudiandae repudiandae incidunt.', '1989-01-16 16:34:28');
INSERT INTO `messages` (`id`, `from_user_id`, `to_user_id`, `body`, `created_at`) VALUES ('92', '163', '163', 'Modi molestias voluptatem ipsum.', '1998-05-30 14:24:32');
INSERT INTO `messages` (`id`, `from_user_id`, `to_user_id`, `body`, `created_at`) VALUES ('93', '164', '164', 'Est et provident quod qui sint rem suscipit.', '1998-05-30 10:34:04');
INSERT INTO `messages` (`id`, `from_user_id`, `to_user_id`, `body`, `created_at`) VALUES ('94', '166', '166', 'Dignissimos eveniet earum labore quasi.', '2013-08-01 10:54:37');
INSERT INTO `messages` (`id`, `from_user_id`, `to_user_id`, `body`, `created_at`) VALUES ('95', '168', '168', 'Earum sed sed nemo consequatur.', '1988-04-21 19:56:22');
INSERT INTO `messages` (`id`, `from_user_id`, `to_user_id`, `body`, `created_at`) VALUES ('96', '170', '170', 'Tempore distinctio et blanditiis enim incidunt praesentium sed.', '1989-11-14 09:36:42');
INSERT INTO `messages` (`id`, `from_user_id`, `to_user_id`, `body`, `created_at`) VALUES ('97', '172', '172', 'Non vel veritatis laborum sequi provident.', '1975-04-28 23:33:12');
INSERT INTO `messages` (`id`, `from_user_id`, `to_user_id`, `body`, `created_at`) VALUES ('98', '175', '175', 'Reiciendis molestiae eius quos assumenda.', '2012-01-23 23:42:41');
INSERT INTO `messages` (`id`, `from_user_id`, `to_user_id`, `body`, `created_at`) VALUES ('99', '180', '180', 'Placeat aut dolor non illo rerum.', '1986-07-16 16:26:24');
INSERT INTO `messages` (`id`, `from_user_id`, `to_user_id`, `body`, `created_at`) VALUES ('100', '181', '181', 'Reiciendis asperiores tempore numquam fugiat omnis dolores non.', '1977-05-19 14:10:49');


INSERT INTO `users_communities` (`user_id`, `community_id`) VALUES ('101', '21');
INSERT INTO `users_communities` (`user_id`, `community_id`) VALUES ('102', '22');
INSERT INTO `users_communities` (`user_id`, `community_id`) VALUES ('104', '23');
INSERT INTO `users_communities` (`user_id`, `community_id`) VALUES ('105', '24');
INSERT INTO `users_communities` (`user_id`, `community_id`) VALUES ('106', '25');
INSERT INTO `users_communities` (`user_id`, `community_id`) VALUES ('107', '26');
INSERT INTO `users_communities` (`user_id`, `community_id`) VALUES ('109', '27');
INSERT INTO `users_communities` (`user_id`, `community_id`) VALUES ('110', '28');
INSERT INTO `users_communities` (`user_id`, `community_id`) VALUES ('111', '29');
INSERT INTO `users_communities` (`user_id`, `community_id`) VALUES ('112', '30');


INSERT INTO `communities` (`id`, `name`, `admin_user_id`) VALUES ('21', 'vitae', '101');
INSERT INTO `communities` (`id`, `name`, `admin_user_id`) VALUES ('22', 'et', '102');
INSERT INTO `communities` (`id`, `name`, `admin_user_id`) VALUES ('23', 'eaque', '104');
INSERT INTO `communities` (`id`, `name`, `admin_user_id`) VALUES ('24', 'fuga', '105');
INSERT INTO `communities` (`id`, `name`, `admin_user_id`) VALUES ('25', 'necessitatibus', '106');
INSERT INTO `communities` (`id`, `name`, `admin_user_id`) VALUES ('26', 'repudiandae', '107');
INSERT INTO `communities` (`id`, `name`, `admin_user_id`) VALUES ('27', 'mollitia', '109');
INSERT INTO `communities` (`id`, `name`, `admin_user_id`) VALUES ('28', 'ut', '110');
INSERT INTO `communities` (`id`, `name`, `admin_user_id`) VALUES ('29', 'esse', '111');
INSERT INTO `communities` (`id`, `name`, `admin_user_id`) VALUES ('30', 'et', '112');


INSERT INTO `media_types` (`id`, `name`, `created_at`, `updated_at`) VALUES ('1', 'ea', '2009-07-04 01:43:31', '2017-11-16 18:31:41');
INSERT INTO `media_types` (`id`, `name`, `created_at`, `updated_at`) VALUES ('2', 'nihil', '1991-08-19 10:17:51', '1988-06-10 05:53:44');
INSERT INTO `media_types` (`id`, `name`, `created_at`, `updated_at`) VALUES ('3', 'libero', '2004-01-26 18:50:27', '1990-01-05 08:53:00');
INSERT INTO `media_types` (`id`, `name`, `created_at`, `updated_at`) VALUES ('4', 'ut', '2004-05-13 09:44:11', '1983-10-30 03:20:10');
INSERT INTO `media_types` (`id`, `name`, `created_at`, `updated_at`) VALUES ('5', 'recusandae', '2017-02-22 15:42:00', '1970-07-25 08:31:51');
INSERT INTO `media_types` (`id`, `name`, `created_at`, `updated_at`) VALUES ('6', 'ab', '1987-05-07 23:48:42', '2014-11-14 19:34:25');
INSERT INTO `media_types` (`id`, `name`, `created_at`, `updated_at`) VALUES ('7', 'ut', '2016-12-19 16:14:39', '1990-07-13 01:23:55');
INSERT INTO `media_types` (`id`, `name`, `created_at`, `updated_at`) VALUES ('8', 'unde', '1983-03-21 19:04:10', '1999-08-18 05:32:28');
INSERT INTO `media_types` (`id`, `name`, `created_at`, `updated_at`) VALUES ('9', 'eum', '1971-12-24 01:21:27', '2014-06-19 05:25:41');
INSERT INTO `media_types` (`id`, `name`, `created_at`, `updated_at`) VALUES ('10', 'et', '1992-01-11 03:52:03', '1989-08-06 13:56:48');
INSERT INTO `media_types` (`id`, `name`, `created_at`, `updated_at`) VALUES ('11', 'sint', '2003-08-07 20:11:39', '2010-10-05 15:03:43');
INSERT INTO `media_types` (`id`, `name`, `created_at`, `updated_at`) VALUES ('12', 'magni', '1999-02-02 12:56:41', '1971-04-23 20:53:36');
INSERT INTO `media_types` (`id`, `name`, `created_at`, `updated_at`) VALUES ('13', 'et', '2018-05-25 00:40:51', '1973-06-27 02:56:43');
INSERT INTO `media_types` (`id`, `name`, `created_at`, `updated_at`) VALUES ('14', 'blanditiis', '2012-11-27 13:17:42', '2001-06-12 04:56:29');
INSERT INTO `media_types` (`id`, `name`, `created_at`, `updated_at`) VALUES ('15', 'non', '2002-05-12 23:50:54', '1989-11-25 01:32:17');
INSERT INTO `media_types` (`id`, `name`, `created_at`, `updated_at`) VALUES ('16', 'aut', '1992-03-24 22:57:06', '2011-01-15 14:36:19');
INSERT INTO `media_types` (`id`, `name`, `created_at`, `updated_at`) VALUES ('17', 'quam', '1984-12-05 02:02:59', '1981-07-07 12:11:30');
INSERT INTO `media_types` (`id`, `name`, `created_at`, `updated_at`) VALUES ('18', 'nobis', '2012-10-20 22:45:01', '1975-09-20 06:40:10');
INSERT INTO `media_types` (`id`, `name`, `created_at`, `updated_at`) VALUES ('19', 'consequatur', '2016-03-25 06:55:31', '1989-12-06 01:23:25');
INSERT INTO `media_types` (`id`, `name`, `created_at`, `updated_at`) VALUES ('20', 'illo', '1994-10-01 14:45:25', '2010-01-05 14:43:15');
INSERT INTO `media_types` (`id`, `name`, `created_at`, `updated_at`) VALUES ('21', 'tempore', '1988-10-10 14:36:01', '1995-05-01 23:14:31');
INSERT INTO `media_types` (`id`, `name`, `created_at`, `updated_at`) VALUES ('22', 'excepturi', '2016-03-26 18:36:30', '1977-11-30 12:54:17');
INSERT INTO `media_types` (`id`, `name`, `created_at`, `updated_at`) VALUES ('23', 'et', '1979-12-01 09:43:59', '2003-10-28 07:23:25');
INSERT INTO `media_types` (`id`, `name`, `created_at`, `updated_at`) VALUES ('24', 'facilis', '1977-09-07 10:15:29', '2014-11-17 23:19:22');
INSERT INTO `media_types` (`id`, `name`, `created_at`, `updated_at`) VALUES ('25', 'harum', '1988-05-01 12:25:05', '1989-10-16 18:02:49');
INSERT INTO `media_types` (`id`, `name`, `created_at`, `updated_at`) VALUES ('26', 'sequi', '1992-03-22 05:26:21', '1998-04-01 19:02:18');
INSERT INTO `media_types` (`id`, `name`, `created_at`, `updated_at`) VALUES ('27', 'maxime', '1987-05-05 19:46:39', '1977-08-29 04:52:44');
INSERT INTO `media_types` (`id`, `name`, `created_at`, `updated_at`) VALUES ('28', 'ad', '1973-09-20 22:55:01', '2006-12-28 11:56:45');
INSERT INTO `media_types` (`id`, `name`, `created_at`, `updated_at`) VALUES ('29', 'optio', '2008-06-30 16:35:16', '2002-11-17 04:52:44');
INSERT INTO `media_types` (`id`, `name`, `created_at`, `updated_at`) VALUES ('30', 'blanditiis', '2007-10-09 09:35:44', '1984-01-19 20:29:21');
INSERT INTO `media_types` (`id`, `name`, `created_at`, `updated_at`) VALUES ('31', 'error', '1985-07-17 06:20:44', '1991-07-29 22:00:47');
INSERT INTO `media_types` (`id`, `name`, `created_at`, `updated_at`) VALUES ('32', 'non', '2010-02-25 05:09:07', '1992-08-10 13:20:49');
INSERT INTO `media_types` (`id`, `name`, `created_at`, `updated_at`) VALUES ('33', 'qui', '2000-03-12 03:04:01', '1981-10-15 00:45:32');
INSERT INTO `media_types` (`id`, `name`, `created_at`, `updated_at`) VALUES ('34', 'similique', '1981-05-28 06:03:23', '1976-12-22 16:02:20');
INSERT INTO `media_types` (`id`, `name`, `created_at`, `updated_at`) VALUES ('35', 'voluptas', '2018-04-04 14:42:39', '1986-07-06 08:48:54');
INSERT INTO `media_types` (`id`, `name`, `created_at`, `updated_at`) VALUES ('36', 'corporis', '1991-03-07 20:57:06', '1974-02-22 03:40:28');
INSERT INTO `media_types` (`id`, `name`, `created_at`, `updated_at`) VALUES ('37', 'mollitia', '1984-04-01 02:25:22', '1980-03-07 18:45:39');
INSERT INTO `media_types` (`id`, `name`, `created_at`, `updated_at`) VALUES ('38', 'vero', '2014-05-03 21:23:17', '1990-12-04 18:40:33');
INSERT INTO `media_types` (`id`, `name`, `created_at`, `updated_at`) VALUES ('39', 'quia', '1978-07-04 17:48:21', '2019-02-01 02:54:16');
INSERT INTO `media_types` (`id`, `name`, `created_at`, `updated_at`) VALUES ('40', 'beatae', '2017-05-02 20:04:49', '1983-09-06 20:26:44');
INSERT INTO `media_types` (`id`, `name`, `created_at`, `updated_at`) VALUES ('41', 'ipsa', '1971-03-23 01:20:27', '2020-10-23 11:20:17');
INSERT INTO `media_types` (`id`, `name`, `created_at`, `updated_at`) VALUES ('42', 'reprehenderit', '1994-11-30 17:25:53', '1997-01-06 15:38:04');
INSERT INTO `media_types` (`id`, `name`, `created_at`, `updated_at`) VALUES ('43', 'consequatur', '2008-10-25 20:14:16', '2017-08-11 16:10:23');
INSERT INTO `media_types` (`id`, `name`, `created_at`, `updated_at`) VALUES ('44', 'ea', '1982-12-17 06:50:05', '1976-03-18 08:44:10');
INSERT INTO `media_types` (`id`, `name`, `created_at`, `updated_at`) VALUES ('45', 'placeat', '2008-03-11 03:07:41', '1979-03-19 19:50:53');
INSERT INTO `media_types` (`id`, `name`, `created_at`, `updated_at`) VALUES ('46', 'nihil', '2013-09-29 15:19:27', '1990-05-26 12:57:17');
INSERT INTO `media_types` (`id`, `name`, `created_at`, `updated_at`) VALUES ('47', 'rerum', '2006-03-16 09:45:23', '2020-02-16 09:59:21');
INSERT INTO `media_types` (`id`, `name`, `created_at`, `updated_at`) VALUES ('48', 'labore', '1981-08-20 06:33:11', '1981-03-04 01:24:40');
INSERT INTO `media_types` (`id`, `name`, `created_at`, `updated_at`) VALUES ('49', 'quia', '1999-08-21 16:42:26', '1971-10-30 17:49:29');
INSERT INTO `media_types` (`id`, `name`, `created_at`, `updated_at`) VALUES ('50', 'et', '1974-12-12 16:18:04', '1987-10-16 23:41:26');
INSERT INTO `media_types` (`id`, `name`, `created_at`, `updated_at`) VALUES ('51', 'ullam', '2000-05-21 05:23:15', '1982-11-16 04:48:40');
INSERT INTO `media_types` (`id`, `name`, `created_at`, `updated_at`) VALUES ('52', 'vel', '1992-05-27 22:58:29', '1973-08-19 04:20:15');
INSERT INTO `media_types` (`id`, `name`, `created_at`, `updated_at`) VALUES ('53', 'aperiam', '1982-04-23 23:59:27', '1972-06-10 00:01:51');
INSERT INTO `media_types` (`id`, `name`, `created_at`, `updated_at`) VALUES ('54', 'perspiciatis', '1984-02-23 02:06:21', '2012-11-25 18:53:36');
INSERT INTO `media_types` (`id`, `name`, `created_at`, `updated_at`) VALUES ('55', 'possimus', '1980-09-11 02:54:28', '1999-06-20 08:17:41');
INSERT INTO `media_types` (`id`, `name`, `created_at`, `updated_at`) VALUES ('56', 'dicta', '2019-10-05 11:56:24', '2016-11-22 15:42:11');
INSERT INTO `media_types` (`id`, `name`, `created_at`, `updated_at`) VALUES ('57', 'qui', '1982-07-06 13:24:26', '1991-11-09 08:13:36');
INSERT INTO `media_types` (`id`, `name`, `created_at`, `updated_at`) VALUES ('58', 'nisi', '2014-11-26 02:23:38', '2014-08-24 22:09:48');
INSERT INTO `media_types` (`id`, `name`, `created_at`, `updated_at`) VALUES ('59', 'impedit', '2009-10-17 18:55:14', '2002-02-18 14:58:27');
INSERT INTO `media_types` (`id`, `name`, `created_at`, `updated_at`) VALUES ('60', 'id', '1996-01-18 01:38:26', '2009-10-20 04:33:07');
INSERT INTO `media_types` (`id`, `name`, `created_at`, `updated_at`) VALUES ('61', 'aut', '1979-01-31 23:25:16', '2006-03-12 00:27:51');
INSERT INTO `media_types` (`id`, `name`, `created_at`, `updated_at`) VALUES ('62', 'vitae', '2010-04-29 17:19:06', '2017-03-18 11:21:08');
INSERT INTO `media_types` (`id`, `name`, `created_at`, `updated_at`) VALUES ('63', 'voluptatem', '1995-05-29 00:30:38', '1971-10-21 22:16:20');
INSERT INTO `media_types` (`id`, `name`, `created_at`, `updated_at`) VALUES ('64', 'consequuntur', '1976-11-25 18:04:57', '1983-04-17 13:15:00');
INSERT INTO `media_types` (`id`, `name`, `created_at`, `updated_at`) VALUES ('65', 'culpa', '2011-10-07 21:55:36', '2012-05-17 08:11:02');
INSERT INTO `media_types` (`id`, `name`, `created_at`, `updated_at`) VALUES ('66', 'et', '1979-12-05 16:33:48', '2000-09-18 08:55:16');
INSERT INTO `media_types` (`id`, `name`, `created_at`, `updated_at`) VALUES ('67', 'voluptatem', '1983-10-10 09:33:24', '1982-01-25 22:30:58');
INSERT INTO `media_types` (`id`, `name`, `created_at`, `updated_at`) VALUES ('68', 'quas', '2005-12-16 14:01:07', '2006-06-24 16:33:48');
INSERT INTO `media_types` (`id`, `name`, `created_at`, `updated_at`) VALUES ('69', 'sapiente', '1994-08-16 07:46:28', '2013-02-16 01:00:15');
INSERT INTO `media_types` (`id`, `name`, `created_at`, `updated_at`) VALUES ('70', 'quia', '1978-07-16 03:35:10', '1996-02-17 21:32:51');
INSERT INTO `media_types` (`id`, `name`, `created_at`, `updated_at`) VALUES ('71', 'placeat', '1992-07-31 16:21:46', '1990-12-28 14:01:18');
INSERT INTO `media_types` (`id`, `name`, `created_at`, `updated_at`) VALUES ('72', 'sunt', '2005-04-01 03:27:49', '1973-10-26 07:06:19');
INSERT INTO `media_types` (`id`, `name`, `created_at`, `updated_at`) VALUES ('73', 'quasi', '1978-11-26 15:21:48', '2002-02-15 10:19:47');
INSERT INTO `media_types` (`id`, `name`, `created_at`, `updated_at`) VALUES ('74', 'voluptatibus', '2014-03-31 21:21:41', '1975-01-11 04:33:50');
INSERT INTO `media_types` (`id`, `name`, `created_at`, `updated_at`) VALUES ('75', 'doloremque', '1970-06-19 03:09:32', '2011-11-30 02:22:08');
INSERT INTO `media_types` (`id`, `name`, `created_at`, `updated_at`) VALUES ('76', 'id', '2011-08-10 15:58:02', '1984-12-16 20:49:33');
INSERT INTO `media_types` (`id`, `name`, `created_at`, `updated_at`) VALUES ('77', 'dolorem', '2006-12-29 17:29:10', '1998-09-25 14:29:45');
INSERT INTO `media_types` (`id`, `name`, `created_at`, `updated_at`) VALUES ('78', 'voluptatem', '2019-04-16 06:31:19', '1989-04-04 20:07:11');
INSERT INTO `media_types` (`id`, `name`, `created_at`, `updated_at`) VALUES ('79', 'similique', '2006-05-14 10:16:08', '1971-10-23 10:07:45');
INSERT INTO `media_types` (`id`, `name`, `created_at`, `updated_at`) VALUES ('80', 'voluptate', '2007-06-01 09:22:06', '1998-10-03 07:51:38');
INSERT INTO `media_types` (`id`, `name`, `created_at`, `updated_at`) VALUES ('81', 'ratione', '2007-06-13 04:21:46', '2014-07-06 22:02:20');
INSERT INTO `media_types` (`id`, `name`, `created_at`, `updated_at`) VALUES ('82', 'itaque', '1998-07-06 00:51:00', '2017-08-31 12:26:36');
INSERT INTO `media_types` (`id`, `name`, `created_at`, `updated_at`) VALUES ('83', 'facilis', '2020-06-18 22:10:20', '2020-06-24 21:41:38');
INSERT INTO `media_types` (`id`, `name`, `created_at`, `updated_at`) VALUES ('84', 'nisi', '1979-11-11 08:47:33', '1996-10-10 05:14:12');
INSERT INTO `media_types` (`id`, `name`, `created_at`, `updated_at`) VALUES ('85', 'qui', '1998-10-25 14:36:14', '1978-09-04 11:39:29');
INSERT INTO `media_types` (`id`, `name`, `created_at`, `updated_at`) VALUES ('86', 'esse', '2020-03-23 00:36:35', '2014-08-25 02:53:06');
INSERT INTO `media_types` (`id`, `name`, `created_at`, `updated_at`) VALUES ('87', 'similique', '2008-04-15 22:34:18', '2004-07-25 07:23:35');
INSERT INTO `media_types` (`id`, `name`, `created_at`, `updated_at`) VALUES ('88', 'ut', '2000-01-29 22:46:26', '1973-06-20 19:43:19');
INSERT INTO `media_types` (`id`, `name`, `created_at`, `updated_at`) VALUES ('89', 'non', '1996-06-17 12:27:28', '1989-05-14 09:52:29');
INSERT INTO `media_types` (`id`, `name`, `created_at`, `updated_at`) VALUES ('90', 'a', '2006-08-21 17:21:55', '1991-06-13 06:45:26');
INSERT INTO `media_types` (`id`, `name`, `created_at`, `updated_at`) VALUES ('91', 'facilis', '2020-10-22 23:07:08', '1992-09-02 02:12:40');
INSERT INTO `media_types` (`id`, `name`, `created_at`, `updated_at`) VALUES ('92', 'dignissimos', '1991-11-11 01:10:18', '1982-06-04 00:03:38');
INSERT INTO `media_types` (`id`, `name`, `created_at`, `updated_at`) VALUES ('93', 'aut', '2000-08-11 16:22:16', '1972-11-15 19:10:16');
INSERT INTO `media_types` (`id`, `name`, `created_at`, `updated_at`) VALUES ('94', 'quidem', '1988-12-06 00:07:03', '2002-10-22 13:42:50');
INSERT INTO `media_types` (`id`, `name`, `created_at`, `updated_at`) VALUES ('95', 'odio', '2014-11-07 02:07:16', '1978-07-09 16:54:00');
INSERT INTO `media_types` (`id`, `name`, `created_at`, `updated_at`) VALUES ('96', 'vel', '1998-08-16 20:24:39', '2010-10-30 08:59:21');
INSERT INTO `media_types` (`id`, `name`, `created_at`, `updated_at`) VALUES ('97', 'eos', '1993-09-17 23:56:50', '1995-05-11 11:56:26');
INSERT INTO `media_types` (`id`, `name`, `created_at`, `updated_at`) VALUES ('98', 'dignissimos', '2002-02-24 19:58:12', '1980-09-02 08:56:13');
INSERT INTO `media_types` (`id`, `name`, `created_at`, `updated_at`) VALUES ('99', 'quo', '1971-09-06 00:16:19', '2016-03-18 21:44:29');
INSERT INTO `media_types` (`id`, `name`, `created_at`, `updated_at`) VALUES ('100', 'mollitia', '1996-06-14 22:11:31', '1984-10-31 11:17:50');


LOCK TABLES `photos` WRITE;

INSERT INTO `photos` VALUES (1901,66,7),(1902,78,67),(1903,74,89),(1904,92,15),(1905,19,28),(1906,78,21),(1907,11,4),(1908,84,58),(1909,92,41),(1910,51,50),(1911,38,29),(1912,59,12),(1913,100,76),(1914,25,79),(1915,45,30),(1916,67,11),(1917,37,45),(1918,77,10),(1919,34,69),(1920,25,53),(1921,97,3),(1922,73,8),(1923,7,57),(1924,65,98),(1925,98,16),(1926,47,35),(1927,45,6),(1928,46,44),(1929,82,70),(1930,23,26),(1931,100,90),(1932,37,37),(1933,34,13),(1934,46,68),(1935,82,71),(1936,20,79),(1937,74,93),(1938,86,80),(1939,50,51),(1940,78,47),(1941,66,25),(1942,81,10),(1943,30,27),(1944,53,11),(1945,97,76),(1946,37,96),(1947,65,73),(1948,32,99),(1949,86,78),(1950,66,68),(1951,49,86),(1952,46,23),(1953,78,31),(1954,3,27),(1955,82,80),(1956,74,47),(1957,5,54),(1958,57,34),(1959,81,10),(1960,45,77),(1961,85,82),(1962,73,49),(1963,55,5),(1964,47,40),(1965,83,13),(1966,8,32),(1967,98,53),(1968,54,76),(1969,84,56),(1970,3,65),(1971,36,77),(1972,12,40),(1973,30,68),(1974,74,11),(1975,77,18),(1976,87,61),(1977,100,60),(1978,10,54),(1979,64,57),(1980,94,46),(1981,69,2),(1982,77,67),(1983,54,30),(1984,43,38),(1985,86,46),(1986,3,21),(1987,22,15),(1988,60,51),(1989,82,33),(1990,62,59),(1991,51,48),(1992,20,51),(1993,7,29),(1994,4,71),(1995,85,98),(1996,16,54),(1997,99,93),(1998,21,53),(1999,23,63),(2000,91,8);

UNLOCK TABLES;

LOCK TABLES `music` WRITE;

INSERT INTO `music` VALUES (1,'sed',202571848,NULL,'2001-03-21 16:32:43','1992-11-29 20:20:20'),(2,'voluptatum',14055743,NULL,'1989-03-20 19:01:12','2013-03-16 04:26:02'),(3,'omnis',5504,NULL,'1971-06-01 19:24:30','2011-11-08 13:13:52'),(4,'similique',3413,NULL,'2019-09-16 01:37:04','1977-09-26 13:50:21'),(5,'dolorem',1493,NULL,'1986-09-28 02:28:44','2009-02-20 01:15:36'),(6,'eos',5,NULL,'1983-08-14 04:44:00','1985-10-09 16:13:41'),(7,'et',0,NULL,'1982-01-10 19:29:26','2020-03-29 00:30:27'),(8,'illo',10492,NULL,'1985-10-04 04:25:04','2015-06-23 09:18:43'),(9,'voluptas',398013,NULL,'1993-06-23 23:42:52','1977-03-24 19:22:15'),(10,'reiciendis',549,NULL,'2000-03-04 06:29:13','2016-11-09 15:58:17'),(11,'non',788,NULL,'2001-05-13 23:36:28','2013-01-21 04:38:33'),(12,'ea',288633,NULL,'2002-07-13 18:09:40','1978-04-28 23:43:47'),(13,'labore',0,NULL,'1977-01-09 02:45:21','2012-04-06 05:22:01'),(14,'amet',6,NULL,'1980-12-19 04:58:05','1977-05-30 23:20:19'),(15,'est',56534563,NULL,'2018-07-14 22:41:08','1976-09-05 17:12:53'),(16,'delectus',15322,NULL,'1970-10-25 13:05:09','2012-02-04 01:45:07'),(17,'natus',92,NULL,'1970-05-24 21:01:19','1976-09-27 19:31:48'),(18,'accusantium',6828383,NULL,'1992-06-23 08:40:55','2016-12-30 21:00:03'),(19,'id',80560235,NULL,'1982-05-31 09:50:22','2000-01-07 17:08:45'),(20,'magni',5,NULL,'2009-09-08 19:33:10','1976-03-10 13:30:08'),(21,'pariatur',5131120,NULL,'2014-12-13 08:13:26','1970-10-07 05:27:34'),(22,'quia',96,NULL,'2009-09-09 13:05:31','1991-10-16 15:12:48'),(23,'iste',4,NULL,'1977-10-05 01:47:12','1992-05-08 13:40:25'),(24,'velit',183232471,NULL,'1995-09-05 00:04:32','1981-06-14 22:14:02'),(25,'aliquid',615,NULL,'2019-12-18 00:52:47','1975-03-30 14:08:04'),(26,'vitae',66664,NULL,'1976-04-15 12:39:22','2004-04-18 17:02:45'),(27,'eveniet',23651,NULL,'1977-03-23 20:43:17','1989-06-07 03:34:02'),(28,'cumque',34547658,NULL,'1989-07-19 12:11:50','1974-06-22 20:50:30'),(29,'quibusdam',26410681,NULL,'1975-11-07 13:55:33','2007-07-20 01:03:45'),(30,'cum',96188140,NULL,'1993-07-08 16:50:48','2016-06-29 21:06:48'),(31,'ipsam',54691,NULL,'2005-01-06 07:51:29','2010-02-26 15:41:53'),(32,'itaque',67,NULL,'2010-01-27 16:53:15','2015-11-07 23:35:42'),(33,'qui',2659,NULL,'1978-07-12 20:06:52','2005-06-28 12:25:42'),(34,'ad',765519801,NULL,'2001-09-30 05:00:33','1995-02-14 06:50:27'),(35,'dolore',9147371,NULL,'2003-02-06 00:04:26','2009-03-01 22:44:00'),(36,'autem',2375302,NULL,'2016-04-28 05:26:03','1979-07-18 11:34:53'),(37,'minima',668495,NULL,'2017-11-07 12:29:28','1991-03-19 21:01:26'),(38,'dicta',78254,NULL,'1975-03-08 19:23:18','2009-06-15 01:15:14'),(39,'earum',958,NULL,'1996-09-29 13:16:04','2002-11-22 21:16:30'),(40,'in',312279312,NULL,'2015-02-20 13:21:35','1987-07-28 19:19:10'),(41,'deleniti',0,NULL,'2010-01-19 05:42:52','2011-12-02 18:33:14'),(42,'ut',9522499,NULL,'1982-01-31 12:44:16','2017-08-13 23:27:03'),(43,'molestias',84372362,NULL,'2016-08-02 20:21:08','1987-11-08 12:28:53'),(44,'maxime',39578,NULL,'2018-11-02 03:06:04','2005-05-14 00:01:30'),(45,'temporibus',673101469,NULL,'1978-07-12 01:58:59','2020-05-18 05:56:45'),(46,'hic',8706,NULL,'1985-04-16 00:18:41','2001-03-30 19:44:15'),(47,'quo',0,NULL,'1972-02-02 18:57:59','1980-08-03 03:32:47'),(48,'sapiente',64791,NULL,'1976-09-05 21:09:23','1999-06-18 04:26:41'),(49,'quasi',31182469,NULL,'1989-10-11 22:55:45','1995-08-14 13:57:31'),(50,'consequatur',0,NULL,'1986-06-21 03:21:34','1980-01-08 14:55:48');

UNLOCK TABLES;

